name,dob,batting_style,bowling_style,playing_role,country
Doug Bracewell,28/09/1990,Right hand Bat,Right arm Fast medium,Bowler,New Zealand
Manpreet Gony,04/01/1984,Right hand Bat,Right arm Medium,Bowler,India
Ray Price,12/06/1976,Right hand Bat,Slow Left arm Orthodox,Bowler,Zimbabwe
Pinal Shah,03/11/1987,Right hand Bat,,Wicketkeeper Batter,India
Basil Thampi,11/09/1993,Right hand Bat,Right arm Fast medium,Bowler,India
Travis Head,29/12/1993,Left hand Bat,Right arm Offbreak,Top order Batter,Australia
Shivam Dube,26/06/1993,Left hand Bat,Right arm Medium,Allrounder,India
Anureet Singh,02/03/1988,Right hand Bat,Right arm Medium,Bowler,India
Anuj Rawat,17/10/1999,Left hand Bat,,Wicketkeeper Batter,India
Marco Jansen,01/05/2000,Right hand Bat,Left arm Medium fast,Bowling Allrounder,South Africa
Ankit Soni,02/08/1993,Right hand Bat,Legbreak,Allrounder,India
Aiden Blizzard,27/06/1984,Left hand Bat,Left arm Medium,Batter,Australia
Narayan Jagadeesan,24/12/1995,Right hand Bat,,Wicketkeeper Batter,India
Ryan McLaren,09/02/1983,Left hand Bat,Right arm Medium fast,Allrounder,South Africa
Hanuma Vihari,13/10/1993,Right hand Bat,Right arm Offbreak,Batting Allrounder,India
Adil Rashid,17/02/1988,Right hand Bat,Legbreak,Bowler,England
Gnaneswara Rao,25/08/1984,Right hand Bat,Right arm Medium,Allrounder,India
Tushar Deshpande,15/05/1995,Left hand Bat,Right arm Medium,Bowler,India
Eklavya Dwivedi,22/07/1988,Right hand Bat,,Wicketkeeper,India
Anmolpreet Singh,28/03/1998,Right hand Bat,Right arm Offbreak,Batter,India
Beuran Hendricks,08/06/1990,Left hand Bat,Left arm Fast medium,Bowler,South Africa
Chris Jordan,04/10/1988,Right hand Bat,Right arm Fast medium,Bowler,England
Tilak Varma,08/11/2002,Left hand Bat,Right arm Offbreak,Batting Allrounder,India
Anil Kumble,17/10/1970,Right hand Bat,Legbreak Googly,Bowler,India
Eoin Morgan,10/09/1986,Left hand Bat,Right arm Medium,Middle order Batter,England
Naman Ojha,20/07/1983,Right hand Bat,,Wicketkeeper Batter,India
Ramnaresh Sarwan,23/06/1980,Right hand Bat,Legbreak,Batter,West Indies
Munaf Patel,12/07/1983,Right hand Bat,Right arm Medium fast,Bowler,India
Yuzvendra Chahal,23/07/1990,Right hand Bat,Legbreak Googly,Bowler,India
KC Cariappa,13/04/1994,Right hand Bat,Legbreak,Bowler,India
Shaun Pollock,16/07/1973,Right hand Bat,Right arm Fast medium,Allrounder,South Africa
Biplab Samantray,14/12/1988,Right hand Bat,Right arm Medium,Allrounder,India
Quinton de Kock,17/12/1992,Left hand Bat,,Wicketkeeper Batter,South Africa
Tymal Mills,12/08/1992,Right hand Bat,Left arm Fast,Bowler,England
Rahul Chahar,04/08/1999,Right hand Bat,Legbreak Googly,Bowler,India
Michael Lumb,12/02/1980,Left hand Bat,Right arm Medium,Top order Batter,England
Akila Dananjaya,04/10/1993,Left hand Bat,"Right arm Offbreak, Legbreak",Allrounder,Sri Lanka
Ronit More,02/02/1992,Right hand Bat,Right arm Medium,Bowler,India
Lakshmipathy Balaji,27/09/1981,Right hand Bat,Right arm Medium fast,Bowler,India
Dwayne Smith,12/04/1983,Right hand Bat,Right arm Medium,Allrounder,West Indies
Sam Curran,03/06/1998,Left hand Bat,Left arm Medium fast,Allrounder,England
Yogesh Nagar,06/01/1990,Right hand Bat,Right arm Offbreak,Allrounder,India
Mahipal Lomror,16/11/1999,Left hand Bat,Slow Left arm Orthodox,Allrounder,India
Jamaluddin Syed Mohammad,03/06/1983,Left hand Bat,Slow Left arm Orthodox,Bowler,India
David Wiese,18/05/1985,Right hand Bat,Right arm Medium fast,Allrounder,Namibia
Prayas Ray Barman,25/10/2002,Right hand Bat,Legbreak Googly,Bowler,India
AB de Villiers,17/02/1984,Right hand Bat,Right arm Medium,Wicketkeeper Batter,South Africa
Laxmi Shukla,06/05/1981,Right hand Bat,Right arm Medium,Allrounder,India
Shalabh Srivastava,22/09/1981,Right hand Bat,Left arm Fast medium,Bowler,India
Nathan McCullum,01/09/1980,Right hand Bat,Right arm Offbreak,Bowler,New Zealand
Ben Laughlin,03/10/1982,Right hand Bat,Right arm Fast medium,Bowler,Australia
Davy Jacobs,04/11/1982,Right hand Bat,Right arm Medium,Wicketkeeper Batter,South Africa
Tim David,16/03/1996,Right hand Bat,Right arm Offbreak,Middle order Batter,Australia
Lungi Ngidi,29/03/1996,Right hand Bat,Right arm Fast medium,Bowler,South Africa
Shrikant Mundhe,27/10/1988,Right hand Bat,Right arm Medium,Allrounder,India
Brad Hodge,29/12/1974,Right hand Bat,Right arm Offbreak,Top order Batter,Australia
Cameron White,18/08/1983,Right hand Bat,Legbreak Googly,Middle order Batter,Australia
Dominic Thornely,01/10/1978,Right hand Bat,"Right arm Medium, Right arm Offbreak",Top order Batter,Australia
Tirumalasetti Suman,15/12/1983,Right hand Bat,Right arm Offbreak,Batter,India
Scott Styris,10/07/1975,Right hand Bat,Right arm Medium,Allrounder,New Zealand
Rilee Rossouw,09/10/1989,Left hand Bat,Right arm Offbreak,Top order Batter,South Africa
Shivnarine Chanderpaul,16/08/1974,Left hand Bat,Legbreak,Batter,West Indies
Manvinder Bisla,27/12/1984,Right hand Bat,,Wicketkeeper,India
Kane Richardson,12/02/1991,Right hand Bat,Right arm Fast medium,Bowler,Australia
Suyash Prabhudessai,06/12/1997,Right hand Bat,Right arm Medium,Batting Allrounder,India
Ajantha Mendis,11/03/1985,Right hand Bat,Right arm Offbreak,Bowler,Sri Lanka
Nathu Singh,08/09/1995,Right hand Bat,Right arm Medium,Bowler,India
Ishan Malhotra,23/05/1984,Right hand Bat,Right arm Medium fast,Bowler,India
Balachandra Akhil,07/10/1977,Right hand Bat,Right arm Medium fast,Bowler,India
Sherfane Rutherford,15/08/1998,Left hand Bat,Right arm Fast medium,Middle order Batter,West Indies
Mithun Manhas,12/10/1979,Right hand Bat,Right arm Offbreak,Allrounder,India
Rajagopal Sathish,14/01/1981,Right hand Bat,Right arm Medium,Allrounder,India
Josh Philippe,01/06/1997,Right hand Bat,,Wicketkeeper Batter,Australia
Vidyut Sivaramakrishnan,03/12/1981,Left hand Bat,Slow Left arm Orthodox,Batting Allrounder,India
Doug Bollinger,24/07/1981,Left hand Bat,Left arm Fast medium,Bowler,Australia
Shrikant Wagh,09/10/1988,Left hand Bat,Left arm Medium fast,Allrounder,India
Ryan Ninan,19/11/1985,Right hand Bat,Right arm Offbreak,Allrounder,India
Yash Dayal,13/12/1997,Right hand Bat,Left arm Medium fast,Bowler,India
Raj Bawa,12/11/2002,Left hand Bat,Right arm Medium fast,Allrounder,India
KP Appanna,20/12/1988,Right hand Bat,Slow Left arm Orthodox,Bowler,India
Kyle Abbott,18/06/1987,Right hand Bat,Right arm Fast medium,Bowler,South Africa
Michael Hussey,27/05/1975,Left hand Bat,Right arm Medium,Middle order Batter,Australia
Mayank Markande,11/11/1997,Right hand Bat,Legbreak,Bowler,India
Ramesh Powar,20/05/1978,Right hand Bat,Right arm Offbreak,Bowler,India
Chidhambaram Gautam,08/03/1986,Right hand Bat,,Wicketkeeper,India
Abhijeet Tomar,14/03/1995,Right hand Bat,Right arm Offbreak,Opening Batter,India
Jagadeesha Suchith,16/01/1994,Left hand Bat,Slow Left arm Orthodox,Bowler,India
Pawan Suyal,15/10/1989,Right hand Bat,Left arm Medium,Bowler,India
Vikramjeet Malik,09/05/1983,Right hand Bat,Right arm Medium,Bowler,India
Bharat Chipli,27/01/1983,Right hand Bat,Right arm Medium,Batter,India
Mukesh Choudhary,06/07/1996,Left hand Bat,Left arm Medium,Bowler,India
Bhanuka Rajapaksa,24/10/1991,Left hand Bat,Right arm Medium,Top order Batter,Sri Lanka
Jason Roy,21/07/1990,Right hand Bat,,Opening Batter,England
Simarjeet Singh,17/01/1998,Right hand Bat,Right arm Medium fast,Bowler,India
Travis Birt,09/12/1981,Left hand Bat,Right arm Medium,Middle order Batter,Australia
Dwayne Bravo,07/10/1983,Right hand Bat,Right arm Medium,Allrounder,West Indies
Luke Wright,07/03/1985,Right hand Bat,Right arm Medium,Top order Batter,England
Swapnil Singh,22/01/1991,Right hand Bat,Slow Left arm Orthodox,Bowler,India
Moeen Ali,18/06/1987,Left hand Bat,Right arm Offbreak,Batting Allrounder,England
Pragyan Ojha,05/09/1986,Left hand Bat,Slow Left arm Orthodox,Bowler,India
Alfonso Thomas,09/02/1977,Right hand Bat,Right arm Fast medium,Bowler,South Africa
Andre Nel,15/07/1977,Right hand Bat,Right arm Fast medium,Bowler,South Africa
Ashton Turner,25/01/1993,Right hand Bat,Right arm Offbreak,Middle order Batter,Australia
KL Rahul,18/04/1992,Right hand Bat,,Wicketkeeper Batter,India
Dewald Brevis,29/04/2003,Right hand Bat,Legbreak,Batting Allrounder,South Africa
Jesse Ryder,06/08/1984,Left hand Bat,Right arm Medium,Allrounder,New Zealand
Ravichandran Ashwin,17/09/1986,Right hand Bat,Right arm Offbreak,Bowling Allrounder,India
Glenn Maxwell,14/10/1988,Right hand Bat,Right arm Offbreak,Batting Allrounder,Australia
Siddarth Kaul,19/05/1990,Right hand Bat,Right arm Medium,Bowler,India
Sachin Tendulkar,24/04/1973,Right hand Bat,"Right arm Offbreak, Legbreak Googly",Top order Batter,India
Sourav Sarkar,15/12/1984,Right hand Bat,Right arm Medium,Bowler,India
Jitesh Sharma,22/10/1993,Right hand Bat,,Wicketkeeper Batter,India
Junior Dala,29/12/1989,Right hand Bat,Right arm Medium,Bowler,South Africa
Matthew Wade,26/12/1987,Left hand Bat,Right arm Medium,Wicketkeeper Batter,Australia
Riyan Parag,10/11/2001,Right hand Bat,Legbreak,Top order Batter,India
Bhuvneshwar Kumar,05/02/1990,Right hand Bat,Right arm Medium,Bowler,India
Richard Levi,14/01/1988,Right hand Bat,Right arm Medium,Opening Batter,South Africa
Darshan Nalkande,04/10/1998,Right hand Bat,Right arm Fast medium,Bowler,India
Prabhsimran Singh,10/08/2000,Right hand Bat,,Wicketkeeper Batter,India
Azhar Mahmood,28/02/1975,Right hand Bat,Right arm Fast medium,Bowling Allrounder,Pakistan
Luke Pomersbach,28/09/1984,Left hand Bat,Right arm Offbreak,Batter,Australia
Mahela Jayawardene,27/05/1977,Right hand Bat,Right arm Medium,Batter,Sri Lanka
Parvez Rasool,13/02/1989,Right hand Bat,Right arm Offbreak,Bowling Allrounder,India
Kamlesh Nagarkoti,28/12/1999,Right hand Bat,Right arm Fast,Bowler,India
Fidel Edwards,06/02/1982,Right hand Bat,Right arm Fast,Bowler,West Indies
Kuldeep Yadav,14/12/1994,Left hand Bat,Left arm Wrist spin,Bowler,India
Jhye Richardson,20/09/1996,Right hand Bat,Right arm Fast,Bowler,Australia
Damien Martyn,21/10/1971,Right hand Bat,Right arm Medium,Top order Batter,Australia
Nuwan Zoysa,13/05/1978,Left hand Bat,Left arm Fast medium,Bowler,Sri Lanka
Colin Ingram,03/07/1985,Left hand Bat,Legbreak,Top order Batter,South Africa
Josh Hazlewood,08/01/1991,Left hand Bat,Right arm Fast medium,Bowler,Australia
Evin Lewis,27/12/1991,Left hand Bat,,Opening Batter,West Indies
Aditya Dole,09/10/1987,Right hand Bat,Right arm Medium fast,Bowler,India
Ben Dunk,11/03/1987,Left hand Bat,Right arm Offbreak,Wicketkeeper Batter,Australia
Gurkeerat Singh Mann,29/06/1990,Right hand Bat,Right arm Offbreak,Middle order Batter,India
Tristan Stubbs,14/08/2000,Right hand Bat,Right arm Offbreak,Batter,South Africa
Suresh Raina,27/11/1986,Left hand Bat,Right arm Offbreak,Middle order Batter,India
Shaun Tait,22/02/1983,Right hand Bat,Right arm Fast,Bowler,Australia
Ashish Reddy,24/02/1991,Right hand Bat,Right arm Medium,Allrounder,India
Adam Gilchrist,14/11/1971,Left hand Bat,Right arm Offbreak,Wicketkeeper Batter,Australia
Ayush Badoni,03/12/1999,Right hand Bat,Right arm Offbreak,Batter,India
Andrew Flintoff,06/12/1977,Right hand Bat,Right arm Fast medium,Allrounder,England
Rusty Theron,24/07/1985,Right hand Bat,Right arm Medium fast,Bowler,U.S.A.
Yusuf Abdulla,17/01/1983,Left hand Bat,Left arm Fast medium,Bowler,South Africa
Siddhesh Lad,23/05/1992,Right hand Bat,Right arm Offbreak,Middle order Batter,India
Murali Kartik,11/09/1976,Left hand Bat,Slow Left arm Orthodox,Bowler,India
Paul Collingwood,26/05/1976,Right hand Bat,Right arm Medium,Allrounder,England
Glenn Phillips,06/12/1996,Right hand Bat,Right arm Offbreak,Allrounder,New Zealand
Peter Handscomb,26/04/1991,Right hand Bat,,Batter,Australia
Devdutt Padikkal,07/07/2000,Left hand Bat,Right arm Offbreak,Top order Batter,India
Rishabh Pant,04/10/1997,Left hand Bat,,Wicketkeeper Batter,India
Ankit Rajpoot,04/12/1993,Right hand Bat,Right arm Medium,Bowler,India
Ripal Patel,28/09/1995,Right hand Bat,Right arm Medium fast,Middle order Batter,India
Marcus Stoinis,16/08/1989,Right hand Bat,Right arm Medium,Batting Allrounder,Australia
Srikkanth Anirudha,14/04/1987,Right hand Bat,,Top order Batter,India
Jerome Taylor,22/06/1984,Right hand Bat,Right arm Fast,Bowler,West Indies
Hardus Viljoen,06/03/1989,Right hand Bat,Right arm Fast,Bowler,South Africa
Carlos Brathwaite,18/07/1988,Right hand Bat,Right arm Fast medium,Allrounder,West Indies
Keemo Paul,21/02/1998,Right hand Bat,Right arm Fast medium,Allrounder,West Indies
Karn Sharma,23/10/1987,Left hand Bat,Legbreak Googly,Bowler,India
Harpreet Brar,16/09/1995,Left hand Bat,Slow Left arm Orthodox,Bowler,India
Nikhil Naik,09/11/1994,Right hand Bat,,Wicketkeeper Batter,India
Hardik Pandya,11/10/1993,Right hand Bat,Right arm Medium fast,Allrounder,India
Ish Sodhi,31/10/1992,Right hand Bat,Legbreak,Bowler,New Zealand
Sanju Samson,11/11/1994,Right hand Bat,,Wicketkeeper Batter,India
Kumar Kartikeya,26/12/1997,Right hand Bat,"Slow Left arm Orthodox, Left arm Wrist spin",Bowler,India
Harshit Rana,22/12/2001,Right hand Bat,Right arm Fast,Bowler,India
Mitchell Starc,30/01/1990,Left hand Bat,Left arm Fast,Bowler,Australia
Mitchell Johnson,02/11/1981,Left hand Bat,Left arm Fast,Bowler,Australia
Jasprit Bumrah,06/12/1993,Right hand Bat,Right arm Fast,Bowler,India
Sheldon Jackson,27/09/1986,Right hand Bat,Right arm Offbreak,Wicketkeeper Batter,India
Chris Woakes,02/03/1989,Right hand Bat,Right arm Fast medium,Allrounder,England
Asad Pathan,17/06/1984,Right hand Bat,Right arm Medium,Bowler,India
Kuldeep Sen,22/10/1996,Right hand Bat,Right arm Fast,Bowler,India
Ryan ten Doeschate,30/06/1980,Right hand Bat,Right arm Medium fast,Allrounder,Netherlands
Ruturaj Gaikwad,31/01/1997,Right hand Bat,Right arm Offbreak,Batter,India
Mashrafe Mortaza,05/10/1983,Right hand Bat,Right arm Fast medium,Bowler,Bangladesh
Daren Sammy,20/12/1983,Right hand Bat,Right arm Medium,Allrounder,West Indies
Anukul Roy,30/11/1998,Left hand Bat,Slow Left arm Orthodox,Allrounder,India
Praveen Dubey,01/07/1993,Right hand Bat,Legbreak Googly,Bowler,India
Tabraiz Shamsi,18/02/1990,Right hand Bat,Left arm Wrist spin,Bowler,South Africa
Wriddhiman Saha,24/10/1984,Right hand Bat,,Wicketkeeper Batter,India
Ravindra Jadeja,06/12/1988,Left hand Bat,Slow Left arm Orthodox,Allrounder,India
Mohnish Mishra,09/02/1984,Right hand Bat,Right arm Offbreak,Batter,India
Aniket Choudhary,28/01/1990,Right hand Bat,Left arm Medium,Bowler,India
Ankit Sharma,20/04/1991,Left hand Bat,Slow Left arm Orthodox,Bowler,India
Karun Nair,06/12/1991,Right hand Bat,Right arm Offbreak,Top order Batter,India
Wasim Jaffer,16/02/1978,Right hand Bat,Right arm Offbreak,Top order Batter,India
Abhishek Raut,03/03/1987,Right hand Bat,Legbreak Googly,Allrounder,India
Shoaib Malik,01/02/1982,Right hand Bat,Right arm Offbreak,Allrounder,Pakistan
Nic Maddinson,21/12/1991,Left hand Bat,Slow Left arm Orthodox,Opening Batter,Australia
Shardul Thakur,16/10/1991,Right hand Bat,Right arm Medium,Bowler,India
Swapnil Asnodkar,29/03/1984,Right hand Bat,Right arm Offbreak,Batter,India
Sheldon Cottrell,19/08/1989,Right hand Bat,Left arm Fast medium,Bowler,West Indies
Unmukt Chand,26/03/1993,Right hand Bat,Right arm Offbreak,Wicketkeeper Batter,U.S.A.
Akshdeep Nath,10/05/1993,Right hand Bat,Right arm Medium fast,Middle order Batter,India
Ashley Noffke,30/04/1977,Right hand Bat,Right arm Fast medium,Allrounder,Australia
Paul Valthaty,07/12/1983,Right hand Bat,Right arm Medium,Batter,India
Ashok Menaria,29/10/1990,Left hand Bat,Slow Left arm Orthodox,Allrounder,India
Rinku Singh,12/10/1997,Left hand Bat,Right arm Offbreak,Middle order Batter,India
Steven Smith,02/06/1989,Right hand Bat,Legbreak Googly,Top order Batter,Australia
Krishnappa Gowtham,20/10/1988,Right hand Bat,Right arm Offbreak,Bowling Allrounder,India
Pravin Tambe,08/10/1971,Right hand Bat,Legbreak,Bowler,India
Mitchell McClenaghan,11/06/1986,Left hand Bat,Left arm Fast medium,Bowler,New Zealand
Aiden Markram,04/10/1994,Right hand Bat,Right arm Offbreak,Opening Batter,South Africa
Jeevan Mendis,15/01/1983,Left hand Bat,Legbreak,Allrounder,Sri Lanka
Parvinder Awana,19/07/1986,Right hand Bat,Right arm Medium,Bowler,India
Virat Singh,08/12/1997,Left hand Bat,Legbreak Googly,Top order Batter,India
Karan Goel,24/12/1986,Left hand Bat,Right arm Offbreak,Opening Batter,India
Kyle Jamieson,30/12/1994,Right hand Bat,Right arm Fast medium,Bowler,New Zealand
Graham Napier,06/01/1980,Right hand Bat,Right arm Medium,Bowling Allrounder,England
Prithvi Raj,20/02/1998,Left hand Bat,Left arm Medium,Bowler,India
Washington Sundar,05/10/1999,Left hand Bat,Right arm Offbreak,Bowling Allrounder,India
Sunny Sohal,10/11/1987,Right hand Bat,Legbreak,Batter,U.S.A.
Aaron Finch,17/11/1986,Right hand Bat,Slow Left arm Orthodox,Top order Batter,Australia
Herschelle Gibbs,23/02/1974,Right hand Bat,Right arm Bowler,Opening Batter,South Africa
Mitchell Santner,05/02/1992,Left hand Bat,Slow Left arm Orthodox,Bowling Allrounder,New Zealand
Manprit Juneja,12/09/1990,Right hand Bat,Right arm Offbreak,Top order Batter,India
David Warner,27/10/1986,Left hand Bat,Legbreak,Opening Batter,Australia
Nitish Rana,27/12/1993,Left hand Bat,"Right arm Medium, Right arm Offbreak, Legbreak",Middle order Batter,India
Bipul Sharma,28/09/1983,Left hand Bat,Slow Left arm Orthodox,Allrounder,India
Dirk Nannes,16/05/1976,Right hand Bat,Left arm Fast,Bowler,Australia
Harry Gurney,25/10/1986,Right hand Bat,Left arm Fast medium,Bowler,England
Venugopal Rao,26/02/1982,Right hand Bat,Right arm Offbreak,Middle order Batter,India
Murali Vijay,01/04/1984,Right hand Bat,Right arm Offbreak,Opening Batter,India
Makhaya Ntini,06/07/1977,Right hand Bat,Right arm Fast,Bowler,South Africa
Ajinkya Rahane,06/06/1988,Right hand Bat,Right arm Medium,Top order Batter,India
Sudeep Tyagi,17/09/1987,Right hand Bat,Right arm Medium,Bowler,India
Love Ablish,03/12/1982,Right hand Bat,Right arm Medium fast,Bowler,India
Aakash Chopra,19/09/1977,Right hand Bat,"Right arm Medium, Right arm Offbreak",Batter,India
Moises Henriques,01/02/1987,Right hand Bat,Right arm Fast medium,Allrounder,Australia
Shimron Hetmyer,26/12/1996,Left hand Bat,,Top order Batter,West Indies
Gautam Gambhir,14/10/1981,Left hand Bat,Legbreak,Top order Batter,India
Pradeep Sangwan,05/11/1990,Right hand Bat,Left arm Medium,Bowler,India
Kedar Jadhav,26/03/1985,Right hand Bat,Right arm Offbreak,Batting Allrounder,India
Yusuf Pathan,17/11/1982,Right hand Bat,Right arm Offbreak,Allrounder,India
Prashant Solanki,22/02/2000,Right hand Bat,Legbreak,Bowler,India
Dishant Yagnik,22/06/1983,Left hand Bat,,Wicketkeeper,India
Matthew Hayden,29/10/1971,Left hand Bat,Right arm Medium,Opening Batter,Australia
Adam Voges,04/10/1979,Right hand Bat,Slow Left arm Orthodox,Top order Batter,Australia
Umesh Yadav,25/10/1987,Right hand Bat,Right arm Fast,Bowler,India
Callum Ferguson,21/11/1984,Right hand Bat,Right arm Medium,Middle order Batter,Australia
Kane Williamson,08/08/1990,Right hand Bat,Right arm Offbreak,Top order Batter,New Zealand
Ravi Rampaul,15/10/1984,Left hand Bat,Right arm Fast medium,Bowler,West Indies
Maheesh Theekshana,01/08/2000,Right hand Bat,Right arm Offbreak,Bowler,Sri Lanka
Aditya Tare,07/11/1987,Right hand Bat,,Wicketkeeper,India
Shreyas Iyer,06/12/1994,Right hand Bat,"Right arm Offbreak, Legbreak Googly",Top order Batter,India
Dhruv Shorey,05/06/1992,Right hand Bat,Right arm Offbreak,Top order Batter,India
Rahul Dravid,11/01/1973,Right hand Bat,Right arm Offbreak,Top order Batter,India
Sai Sudharsan,15/10/2001,Left hand Bat,Legbreak,Top order Batter,India
Imran Tahir,27/03/1979,Right hand Bat,Legbreak Googly,Bowler,South Africa
Michael Neser,29/03/1990,Right hand Bat,Right arm Medium fast,Bowling Allrounder,Australia
Fabian Allen,07/05/1995,Right hand Bat,Slow Left arm Orthodox,Bowling Allrounder,West Indies
Chetan Sakariya,28/02/1998,Left hand Bat,Left arm Medium fast,Bowler,India
Ravi Bopara,04/05/1985,Right hand Bat,Right arm Medium,Batting Allrounder,England
Liam Plunkett,06/04/1985,Right hand Bat,Right arm Fast,Bowler,U.S.A.
Joginder Sharma,23/10/1983,Right hand Bat,Right arm Fast medium,Allrounder,India
David Willey,28/02/1990,Left hand Bat,Left arm Fast medium,Bowling Allrounder,England
Fazalhaq Farooqi,22/09/2000,Right hand Bat,Left arm Fast medium,Bowler,Afghanistan
Kagiso Rabada,25/05/1995,Left hand Bat,Right arm Fast,Bowler,South Africa
Harshal Patel,23/11/1990,Right hand Bat,Right arm Medium,Bowler,India
Kieron Pollard,12/05/1987,Right hand Bat,Right arm Medium,Batting Allrounder,West Indies
Muthiah Muralidaran,17/04/1972,Right hand Bat,Right arm Offbreak,Bowler,Sri Lanka
Obed McCoy,04/01/1997,Left hand Bat,Left arm Fast medium,Bowler,West Indies
Hrithik Shokeen,14/08/2000,Right hand Bat,Right arm Offbreak,Bowler,India
Sam Billings,15/06/1991,Right hand Bat,,Wicketkeeper Batter,England
Jayant Yadav,22/01/1990,Right hand Bat,Right arm Offbreak,Bowler,India
Kamran Akmal,13/01/1982,Right hand Bat,,Wicketkeeper Batter,Pakistan
James Pattinson,03/05/1990,Left hand Bat,Right arm Fast medium,Bowler,Australia
KM Asif,24/07/1993,Right hand Bat,Right arm Medium,Bowler,India
Marlon Samuels,05/02/1981,Right hand Bat,Right arm Offbreak,Top order Batter,West Indies
Kumar Sangakkara,27/10/1977,Left hand Bat,Right arm Offbreak,Wicketkeeper Batter,Sri Lanka
Srikar Bharat,03/10/1993,Right hand Bat,,Wicketkeeper Batter,India
Scott Boland,11/04/1989,Right hand Bat,Right arm Fast medium,Bowler,Australia
Mitchell Marsh,20/10/1991,Right hand Bat,Right arm Medium,Allrounder,Australia
Clint McKay,20/02/1983,Right hand Bat,Right arm Fast medium,Bowler,Australia
VVS Laxman,01/11/1974,Right hand Bat,Right arm Offbreak,Top order Batter,India
Dan Christian,04/05/1983,Right hand Bat,Right arm Fast medium,Allrounder,Australia
Tom Curran,12/03/1995,Right hand Bat,Right arm Fast medium,Allrounder,England
Stuart Binny,03/06/1984,Right hand Bat,Right arm Medium,Allrounder,India
Raju Bhatkal,01/09/1985,Right hand Bat,Right arm Medium,Allrounder,India
Dimitri Mascarenhas,30/10/1977,Right hand Bat,Right arm Fast medium,Allrounder,England
Tom Banton,11/11/1998,Right hand Bat,,Wicketkeeper Batter,England
Dwaine Pretorius,29/03/1989,Right hand Bat,Right arm Medium fast,Bowling Allrounder,South Africa
David Hussey,15/07/1977,Right hand Bat,Right arm Offbreak,Allrounder,Australia
Tejas Baroka,01/02/1996,Right hand Bat,Legbreak Googly,Bowler,India
Gurinder Sandhu,14/06/1993,Left hand Bat,Right arm Fast medium,Bowler,Australia
Uday Kaul,02/12/1987,Left hand Bat,,Wicketkeeper,India
Stephen Fleming,01/04/1973,Left hand Bat,,Top order Batter,New Zealand
Mujeeb Ur Rahman,28/03/2001,Right hand Bat,Right arm Offbreak,Bowler,Afghanistan
Vaibhav Arora,14/12/1997,Right hand Bat,Right arm Fast medium,Bowler,India
Barinder Sran,10/12/1992,Left hand Bat,Left arm Medium,Bowler,India
Adrian Barath,14/04/1990,Right hand Bat,Right arm Offbreak,Opening Batter,West Indies
Shakib Al Hasan,24/03/1987,Left hand Bat,Slow Left arm Orthodox,Allrounder,Bangladesh
Umar Gul,15/10/1982,Right hand Bat,Right arm Fast medium,Bowler,Pakistan
Shivam Mavi,26/11/1998,Right hand Bat,Right arm Fast medium,Bowler,India
Ricky Bhui,29/09/1996,Right hand Bat,Legbreak Googly,Top order Batter,India
Sachithra Senanayake,09/02/1985,Right hand Bat,Right arm Offbreak,Bowler,Sri Lanka
Lasith Malinga,28/08/1983,Right hand Bat,Right arm Fast,Bowler,Sri Lanka
Tim Southee,11/12/1988,Right hand Bat,Right arm Medium fast,Bowler,New Zealand
Daniel Vettori,27/01/1979,Left hand Bat,Slow Left arm Orthodox,Allrounder,New Zealand
Deepak Hooda,19/04/1995,Right hand Bat,Right arm Offbreak,Allrounder,India
Mayank Agarwal,16/02/1991,Right hand Bat,Right arm Offbreak,Batter,India
Taruwar Kohli,17/12/1988,Right hand Bat,Right arm Medium,Top order Batter,India
Michael Klinger,04/07/1980,Right hand Bat,,Batter,Australia
Colin de Grandhomme,22/07/1986,Right hand Bat,Right arm Medium fast,Allrounder,New Zealand
Piyush Chawla,24/12/1988,Left hand Bat,Legbreak,Bowling Allrounder,India
George Garton,15/04/1997,Left hand Bat,Left arm Fast,Bowling Allrounder,England
Shane Bond,07/06/1975,Right hand Bat,Right arm Fast,Bowler,New Zealand
Mark Boucher,03/12/1976,Right hand Bat,Right arm Medium,Wicketkeeper Batter,South Africa
Vishnu Vinod,02/12/1993,Right hand Bat,,Wicketkeeper Batter,India
Ben Rohrer,26/03/1981,Left hand Bat,,Middle order Batter,Australia
Nathan Rimmington,11/11/1982,Right hand Bat,Right arm Fast medium,Bowler,Australia
Sreesanth,06/02/1983,Right hand Bat,Right arm Fast medium,Bowler,India
Iqbal Abdulla,02/12/1989,Left hand Bat,Slow Left arm Orthodox,Allrounder,India
Reetinder Sodhi,18/10/1980,Right hand Bat,Right arm Medium,Allrounder,India
Morne Morkel,06/10/1984,Left hand Bat,Right arm Fast,Bowler,South Africa
Darren Lehmann,05/02/1970,Left hand Bat,Slow Left arm Orthodox,Top order Batter,Australia
Jason Behrendorff,20/04/1990,Right hand Bat,Left arm Fast medium,Bowler,Australia
John Hastings,04/11/1985,Right hand Bat,Right arm Fast medium,Allrounder,Australia
Dwaraka Ravi Teja,05/09/1987,Right hand Bat,Legbreak Googly,Batter,India
Andrew Symonds,09/06/1975,Right hand Bat,"Right arm Medium, Right arm Offbreak",Allrounder,Australia
Venkatesh Iyer,25/12/1994,Left hand Bat,Right arm Medium,Allrounder,India
Abdur Razzak,15/06/1982,Left hand Bat,Slow Left arm Orthodox,Bowler,Bangladesh
Anrich Nortje,16/11/1993,Right hand Bat,Right arm Fast,Bowler,South Africa
Thisara Perera,03/04/1989,Left hand Bat,Right arm Medium fast,Bowling Allrounder,Sri Lanka
Sarabjit Ladda,10/07/1986,Right hand Bat,Legbreak,Bowler,India
Navdeep Saini,23/11/1992,Right hand Bat,Right arm Fast,Bowler,India
Luke Ronchi,23/04/1981,Right hand Bat,,Wicketkeeper Batter,New Zealand
Nuwan Kulasekara,22/07/1982,Right hand Bat,Right arm Fast medium,Bowler,Sri Lanka
Pankaj Singh,06/05/1985,Right hand Bat,Right arm Medium fast,Bowler,India
Mohammad Kaif,01/12/1980,Right hand Bat,Right arm Offbreak,Batter,India
Prasidh Krishna,19/02/1996,Right hand Bat,Right arm Fast medium,Bowler,India
Jalaj Saxena,15/12/1986,Right hand Bat,"Right arm Offbreak, Legbreak Googly",Allrounder,India
Virender Sehwag,20/10/1978,Right hand Bat,Right arm Offbreak,Top order Batter,India
Chaminda Vaas,27/01/1974,Left hand Bat,Left arm Fast medium,Bowler,Sri Lanka
Ishant Sharma,02/09/1988,Right hand Bat,Right arm Fast medium,Bowler,India
Nayan Doshi,06/10/1978,Right hand Bat,Slow Left arm Orthodox,Bowler,England
James Hopes,24/10/1978,Right hand Bat,Right arm Medium,Allrounder,Australia
Arun Karthik,15/02/1986,Right hand Bat,Legbreak Googly,Wicketkeeper Batter,India
Kartik Tyagi,08/11/2000,Right hand Bat,Right arm Fast,Bowler,India
Sachin Baby,18/12/1988,Left hand Bat,Right arm Offbreak,Batter,India
Tanmay Srivastava,07/11/1989,Left hand Bat,Right arm Medium,Top order Batter,India
Monu Kumar,05/11/1994,Right hand Bat,Right arm Medium,Bowling Allrounder,India
Yashpal Singh,27/11/1981,Right hand Bat,Right arm Medium,Batter,India
Farveez Maharoof,07/09/1984,Right hand Bat,Right arm Fast medium,Allrounder,Sri Lanka
Matheesha Pathirana,18/12/2002,Right hand Bat,Right arm Fast,Bowler,Sri Lanka
Akshath Reddy,11/02/1991,Right hand Bat,Legbreak,Opening Batter,India
Jacob Oram,28/07/1978,Left hand Bat,Right arm Fast medium,Allrounder,New Zealand
Chris Morris,30/04/1987,Right hand Bat,Right arm Fast medium,Bowling Allrounder,South Africa
Johan Botha,02/05/1982,Right hand Bat,Right arm Offbreak,Allrounder,South Africa
Anand Rajan,17/04/1987,Right hand Bat,Right arm Medium,Bowler,India
Nitin Saini,28/10/1988,Right hand Bat,,Wicketkeeper Batter,India
Lukman Meriwala,11/12/1991,Left hand Bat,Left arm Fast medium,Bowler,India
Justin Kemp,02/10/1977,Right hand Bat,Right arm Fast medium,Bowling Allrounder,South Africa
Bodapati Sumanth,10/05/1988,Right hand Bat,Right arm Medium fast,Middle order Batter,India
Tim Seifert,14/12/1994,Right hand Bat,,Wicketkeeper Batter,New Zealand
Jos Buttler,08/09/1990,Right hand Bat,,Wicketkeeper Batter,England
Virat Kohli,05/11/1988,Right hand Bat,Right arm Medium,Top order Batter,India
Kulwant Khejroliya,13/03/1992,Left hand Bat,Left arm Medium fast,Bowler,India
Saurabh Tiwary,30/12/1989,Left hand Bat,,Top order Batter,India
Salman Butt,07/10/1984,Left hand Bat,Right arm Offbreak,Batter,Pakistan
Deepak Chahar,07/08/1992,Right hand Bat,Right arm Medium,Bowler,India
Rasikh Salam,05/04/2000,Right hand Bat,Right arm Medium,Bowler,India
Angelo Mathews,02/06/1987,Right hand Bat,Right arm Medium,Allrounder,Sri Lanka
Chris Gayle,21/09/1979,Left hand Bat,Right arm Offbreak,Allrounder,West Indies
Ishan Porel,05/09/1998,Right hand Bat,Right arm Medium,Bowler,India
Krunal Pandya,24/03/1991,Left hand Bat,Slow Left arm Orthodox,Allrounder,India
Thilan Thushara,01/03/1981,Left hand Bat,Left arm Fast medium,Bowler,Sri Lanka
Chandan Madan,15/10/1982,Right hand Bat,,Wicketkeeper,India
Aman Hakim Khan,23/11/1996,Right hand Bat,Right arm Medium,Allrounder,India
Rob Quiney,20/08/1982,Left hand Bat,Right arm Medium,Batter,Australia
Lockie Ferguson,13/06/1991,Right hand Bat,Right arm Fast,Bowler,New Zealand
Abrar Kazi,29/09/1989,Left hand Bat,Slow Left arm Orthodox,Bowler,India
Rassie van der Dussen,07/02/1989,Right hand Bat,Legbreak,Top order Batter,South Africa
Mahesh Rawat,25/10/1985,Right hand Bat,,Wicketkeeper Batter,India
Lendl Simmons,25/01/1985,Right hand Bat,Right arm Medium fast,Top order Batter,West Indies
Ben Hilfenhaus,15/03/1983,Right hand Bat,Right arm Fast medium,Bowler,Australia
Sachin Rana,18/09/1984,Right hand Bat,Right arm Medium fast,Bowler,India
MS Dhoni,07/07/1981,Right hand Bat,Right arm Medium,Wicketkeeper Batter,India
Nathan Ellis,22/09/1994,Right hand Bat,Right arm Fast medium,Bowler,Australia
Ishan Kishan,18/07/1998,Left hand Bat,,Wicketkeeper Batter,India
James Franklin,07/11/1980,Left hand Bat,Left arm Medium,Allrounder,New Zealand
Corey Anderson,13/12/1990,Left hand Bat,Left arm Medium fast,Batting Allrounder,U.S.A.
Rovman Powell,23/07/1993,Right hand Bat,Right arm Medium fast,Middle order Batter,West Indies
Brendon McCullum,27/09/1981,Right hand Bat,"Right arm Medium, Right arm Offbreak",Wicketkeeper Batter,New Zealand
Amit Paunikar,18/04/1988,Right hand Bat,,Wicketkeeper Batter,India
Suraj Randiv,30/01/1985,Right hand Bat,Right arm Offbreak,Bowler,Sri Lanka
Nicholas Pooran,02/10/1995,Left hand Bat,Right arm Offbreak,Wicketkeeper Batter,West Indies
Varun Chakravarthy,29/08/1991,Right hand Bat,Legbreak Googly,Bowler,India
Tillakaratne Dilshan,14/10/1976,Right hand Bat,Right arm Offbreak,Allrounder,Sri Lanka
Lee Carseldine,17/11/1975,Left hand Bat,Left arm Medium,Allrounder,Australia
Daniel Sams,27/10/1992,Right hand Bat,Left arm Fast medium,Allrounder,Australia
Umran Malik,22/11/1999,Right hand Bat,Right arm Fast,Bowler,India
Rishi Dhawan,19/02/1990,Right hand Bat,Right arm Medium fast,Allrounder,India
Sridharan Sriram,21/02/1976,Left hand Bat,Slow Left arm Orthodox,Middle order Batter,India
Abhinav Manohar,16/09/1994,Right hand Bat,Legbreak Googly,Batting Allrounder,India
Siddharth Chitnis,06/05/1987,Right hand Bat,Right arm Offbreak,Batter,India
James Faulkner,29/04/1990,Right hand Bat,Left arm Fast medium,Bowling Allrounder,Australia
Ramandeep Singh,13/04/1997,Right hand Bat,Right arm Medium,Middle order Batter,India
Brett Geeves,13/06/1982,Right hand Bat,Right arm Fast medium,Bowler,Australia
Isuru Udana,17/02/1988,Right hand Bat,Left arm Medium fast,Allrounder,Sri Lanka
Chris Green,01/10/1993,Right hand Bat,Right arm Offbreak,Bowling Allrounder,Australia
Parthiv Patel,09/03/1985,Left hand Bat,Right arm Offbreak,Wicketkeeper Batter,India
Usman Khawaja,18/12/1986,Left hand Bat,Right arm Medium,Top order Batter,Australia
Dhawal Kulkarni,10/12/1988,Right hand Bat,Right arm Medium,Bowler,India
Sudhesan Midhun,07/10/1994,Right hand Bat,Legbreak Googly,Bowler,India
Adam Milne,13/04/1992,Right hand Bat,Right arm Fast,Bowler,New Zealand
Rajat Bhatia,22/10/1979,Right hand Bat,Right arm Medium fast,Allrounder,India
Trent Boult,22/07/1989,Right hand Bat,Left arm Fast medium,Bowler,New Zealand
Prerak Mankad,23/04/1994,Right hand Bat,Right arm Medium,Allrounder,India
Arjun Yadav,23/12/1981,Right hand Bat,Right arm Offbreak,Batter,India
Liam Livingstone,04/08/1993,Right hand Bat,"Right arm Offbreak, Legbreak",Batting Allrounder,England
Ankit Bawne,17/12/1992,Right hand Bat,Right arm Offbreak,Middle order Batter,India
Ankeet Chavan,28/10/1985,Left hand Bat,Slow Left arm Orthodox,Batter,India
Shreevats Goswami,18/05/1989,Left hand Bat,,Wicketkeeper Batter,India
Pat Cummins,08/05/1993,Right hand Bat,Right arm Fast,Bowler,Australia
Sandeep Lamichhane,02/08/2000,Right hand Bat,Legbreak Googly,Bowler,Nepal
Shane Watson,17/06/1981,Right hand Bat,Right arm Fast medium,Allrounder,Australia
Sanath Jayasuriya,30/06/1969,Left hand Bat,Slow Left arm Orthodox,Allrounder,Sri Lanka
Ashok Dinda,25/03/1984,Right hand Bat,Right arm Medium fast,Bowler,India
Chris Lynn,10/04/1990,Right hand Bat,Slow Left arm Orthodox,Batter,Australia
Darren Bravo,06/02/1989,Left hand Bat,Right arm Medium,Top order Batter,West Indies
Ajit Agarkar,04/12/1977,Right hand Bat,Right arm Fast,Bowler,India
Sohail Tanvir,12/12/1984,Left hand Bat,Left arm Medium fast,Bowler,Pakistan
Scott Kuggeleijn,03/01/1992,Right hand Bat,Right arm Fast medium,Bowling Allrounder,New Zealand
Shane Warne,13/09/1969,Right hand Bat,Legbreak Googly,Bowler,Australia
Padmanabhan Prasanth,03/09/1985,Left hand Bat,Slow Left arm Orthodox,Allrounder,India
Shikhar Dhawan,05/12/1985,Left hand Bat,Right arm Offbreak,Opening Batter,India
Jonny Bairstow,26/09/1989,Right hand Bat,Right arm Medium,Wicketkeeper Batter,England
Alex Hales,03/01/1989,Right hand Bat,Right arm Medium,Opening Batter,England
Sunil Narine,26/05/1988,Left hand Bat,Right arm Offbreak,Bowling Allrounder,West Indies
Mohammed Shami,03/09/1990,Right hand Bat,Right arm Fast,Bowler,India
Shivil Kaushik,07/09/1995,Right hand Bat,Left arm Wrist spin,Bowler,India
Romario Shepherd,26/11/1994,Right hand Bat,Right arm Fast medium,Bowling Allrounder,West Indies
Brad Haddin,23/10/1977,Right hand Bat,,Wicketkeeper Batter,Australia
Avesh Khan,13/12/1996,Right hand Bat,Right arm Fast medium,Bowler,India
Kevin Pietersen,27/06/1980,Right hand Bat,Right arm Offbreak,Top order Batter,England
Sumit Narwal,16/04/1982,Left hand Bat,Right arm Medium,Allrounder,India
Axar Patel,20/01/1994,Left hand Bat,Slow Left arm Orthodox,Bowling Allrounder,India
Wayne Parnell,30/07/1989,Left hand Bat,Left arm Medium fast,Bowler,South Africa
Samuel Badree,09/03/1981,Right hand Bat,Legbreak,Bowler,West Indies
Prithvi Shaw,09/11/1999,Right hand Bat,Right arm Offbreak,Opening Batter,India
Jacques Kallis,16/10/1975,Right hand Bat,Right arm Fast medium,Allrounder,South Africa
Tyron Henderson,01/08/1974,Right hand Bat,Right arm Fast medium,Bowler,South Africa
Ishwar Pandey,15/08/1989,Right hand Bat,Right arm Medium,Bowler,India
Alzarri Joseph,20/11/1996,Right hand Bat,Right arm Fast,Bowler,West Indies
Abhishek Jhunjhunwala,01/12/1982,Right hand Bat,Right arm Offbreak,Batter,India
Kemar Roach,30/06/1988,Right hand Bat,Right arm Fast medium,Bowler,West Indies
Kuldip Yadav,15/10/1996,Left hand Bat,Left arm Fast medium,Bowler,India
Krishmar Santokie,20/12/1984,Left hand Bat,Left arm Medium,Bowler,West Indies
Oshane Thomas,18/02/1997,Left hand Bat,Right arm Fast,Bowler,West Indies
Rahul Tewatia,20/05/1993,Left hand Bat,Legbreak,Bowling Allrounder,India
Ajit Chandila,05/12/1983,Right hand Bat,Right arm Offbreak,Allrounder,India
Varun Aaron,29/10/1989,Right hand Bat,Right arm Fast,Bowler,India
Debabrata Das,22/09/1986,Right hand Bat,Legbreak Googly,Top order Batter,India
Johan van der Wath,10/01/1978,Right hand Bat,Right arm Medium fast,Allrounder,South Africa
Mark Wood,11/01/1990,Right hand Bat,Right arm Fast,Bowler,England
Abu Nechim,05/11/1988,Right hand Bat,Right arm Medium fast,Bowler,India
Andrew McDonald,05/06/1981,Right hand Bat,Right arm Fast medium,Allrounder,Australia
Abhishek Nayar,08/10/1983,Left hand Bat,Right arm Medium,Allrounder,India
Simon Katich,21/08/1975,Left hand Bat,Left arm Wrist spin,Batter,Australia
Paras Dogra,19/11/1984,Right hand Bat,Legbreak,Batter,India
Andre Russell,29/04/1988,Right hand Bat,Right arm Fast,Allrounder,West Indies
Ambati Rayudu,23/09/1985,Right hand Bat,Right arm Offbreak,Middle order Batter,India
Aavishkar Salvi,20/10/1981,Right hand Bat,Right arm Medium,Bowler,India
Dale Steyn,27/06/1983,Right hand Bat,Right arm Fast,Bowler,South Africa
Devon Conway,08/07/1991,Left hand Bat,Right arm Medium,Wicketkeeper Batter,New Zealand
Yo Mahesh,21/12/1987,Right hand Bat,Right arm Medium fast,Allrounder,India
Abhinav Mukund,06/01/1990,Left hand Bat,Legbreak Googly,Top order Batter,India
Suryakumar Yadav,14/09/1990,Right hand Bat,"Right arm Medium, Right arm Offbreak",Batter,India
Pawan Negi,06/01/1993,Left hand Bat,Slow Left arm Orthodox,Bowler,India
Dushmantha Chameera,11/01/1992,Right hand Bat,Right arm Fast,Bowler,Sri Lanka
Raiphi Gomez,16/10/1985,Right hand Bat,Right arm Medium,Allrounder,India
Mohammad Ashraful,07/07/1984,Right hand Bat,"Right arm Offbreak, Legbreak",Middle order Batter,Bangladesh
Billy Stanlake,04/11/1994,Left hand Bat,Right arm Fast,Bowler,Australia
Bhargav Bhatt,13/05/1990,Left hand Bat,Slow Left arm Orthodox,Bowler,India
Rahul Shukla,28/08/1990,Right hand Bat,Right arm Medium,Bowler,India
Abhimanyu Mithun,25/10/1989,Right hand Bat,Right arm Medium,Bowler,India
Ravi Bishnoi,05/09/2000,Right hand Bat,Legbreak Googly,Bowler,India
Brett Lee,08/11/1976,Right hand Bat,Right arm Fast,Bowler,Australia
Jofra Archer,01/04/1995,Right hand Bat,Right arm Fast,Bowler,England
Akash Deep,15/12/1996,Right hand Bat,Right arm Fast medium,Bowling Allrounder,India
Joe Denly,16/03/1986,Right hand Bat,Legbreak,Top order Batter,England
Yashasvi Jaiswal,28/12/2001,Left hand Bat,Legbreak,Opening Batter,India
Marchant de Lange,13/10/1990,Right hand Bat,Right arm Fast,Bowler,South Africa
Ben Cutting,30/01/1987,Right hand Bat,Right arm Fast medium,Allrounder,Australia
Adam Zampa,31/03/1992,Right hand Bat,Legbreak Googly,Bowler,Australia
Rajat Patidar,01/06/1993,Right hand Bat,Right arm Offbreak,Top order Batter,India
Dinesh Salunkhe,12/11/1982,Right hand Bat,Legbreak,Bowler,India
Tatenda Taibu,14/05/1983,Right hand Bat,Right arm Medium,Wicketkeeper Batter,Zimbabwe
Rahul Tripathi,02/03/1991,Right hand Bat,Right arm Medium,Top order Batter,India
Shreyas Gopal,04/09/1993,Right hand Bat,Legbreak,Allrounder,India
Riley Meredith,21/06/1996,Right hand Bat,Right arm Fast,Bowler,Australia
Faiz Fazal,07/09/1985,Left hand Bat,Right arm Medium,Opening Batter,India
Sean Abbott,29/02/1992,Right hand Bat,Right arm Fast medium,Bowling Allrounder,Australia
Odean Smith,01/11/1996,Right hand Bat,Right arm Fast medium,Bowling Allrounder,West Indies
Manan Vohra,18/07/1993,Right hand Bat,Right arm Medium,Opening Batter,India
Martin Guptill,30/09/1986,Right hand Bat,Right arm Offbreak,Opening Batter,New Zealand
Cheteshwar Pujara,25/01/1988,Right hand Bat,Legbreak,Top order Batter,India
Priyam Garg,30/11/2000,Right hand Bat,Right arm Medium,Top order Batter,India
Jason Holder,05/11/1991,Right hand Bat,Right arm Medium fast,Bowling Allrounder,West Indies
Prashant Chopra,07/10/1992,Right hand Bat,Legbreak Googly,Opening Batter,India
Dinesh Karthik,01/06/1985,Right hand Bat,Right arm Offbreak,Wicketkeeper Batter,India
Glenn McGrath,09/02/1970,Right hand Bat,Right arm Fast medium,Bowler,Australia
Colin Munro,11/03/1987,Left hand Bat,Right arm Medium fast,Opening Batter,New Zealand
Sourav Ganguly,08/07/1972,Left hand Bat,Right arm Medium,Batter,India
Dilhara Fernando,19/07/1979,Right hand Bat,Right arm Fast medium,Bowler,Sri Lanka
Chamara Kapugedera,24/02/1987,Right hand Bat,Right arm Medium,Middle order Batter,Sri Lanka
Sreenath Aravind,08/04/1984,Left hand Bat,Left arm Medium fast,Bowler,India
Robin Uthappa,11/11/1985,Right hand Bat,Right arm Medium,Batter,India
Ricky Ponting,19/12/1974,Right hand Bat,Right arm Medium,Top order Batter,Australia
Brad Hogg,06/02/1971,Left hand Bat,Left arm Wrist spin,Allrounder,Australia
Jaydev Unadkat,18/10/1991,Right hand Bat,Left arm Medium,Bowler,India
Ben Stokes,04/06/1991,Left hand Bat,Right arm Fast medium,Allrounder,England
Robin Peterson,04/08/1979,Left hand Bat,Slow Left arm Orthodox,Bowler,South Africa
Farhaan Behardien,09/10/1983,Right hand Bat,Right arm Fast medium,Batting Allrounder,South Africa
Shane Harwood,01/03/1974,Right hand Bat,Right arm Fast medium,Bowler,Australia
Murugan Ashwin,08/09/1990,Right hand Bat,Legbreak Googly,Bowler,India
Heinrich Klaasen,30/07/1991,Right hand Bat,Right arm Offbreak,Wicketkeeper Batter,South Africa
Andrew Tye,12/12/1986,Right hand Bat,Right arm Medium fast,Bowler,Australia
Shubman Gill,08/09/1999,Right hand Bat,Right arm Offbreak,Opening Batter,India
Shaun Marsh,09/07/1983,Left hand Bat,Slow Left arm Orthodox,Top order Batter,Australia
Albie Morkel,10/06/1981,Left hand Bat,Right arm Medium fast,Bowling Allrounder,South Africa
Tim Paine,08/12/1984,Right hand Bat,Right arm Medium,Wicketkeeper Batter,Australia
Charl Langeveldt,17/12/1974,Right hand Bat,Right arm Fast medium,Bowler,South Africa
Baba Indrajith,08/07/1994,Right hand Bat,Legbreak Googly,Top order Batter,India
Mohammed Siraj,13/03/1994,Right hand Bat,Right arm Fast,Bowler,India
James Neesham,17/09/1990,Left hand Bat,Right arm Medium fast,Batting Allrounder,New Zealand
Roelof van der Merwe,31/12/1984,Right hand Bat,Slow Left arm Orthodox,Bowling Allrounder,Netherlands
Alex Carey,27/08/1991,Left hand Bat,,Wicketkeeper Batter,Australia
Ashish Nehra,29/04/1979,Right hand Bat,Left arm Medium fast,Bowler,India
Morne van Wyk,20/03/1979,Right hand Bat,Slow Left arm Orthodox,Wicketkeeper Batter,South Africa
Pardeep Sahu,21/08/1985,Right hand Bat,Legbreak Googly,Allrounder,India
Kusal Perera,17/08/1990,Left hand Bat,,Wicketkeeper Batter,Sri Lanka
Javon Searles,21/12/1986,Right hand Bat,Right arm Fast medium,Bowling Allrounder,West Indies
Sandeep Warrier,04/04/1991,Right hand Bat,Right arm Medium,Bowler,India
Shadab Jakati,27/11/1980,Left hand Bat,Slow Left arm Orthodox,Bowler,India
Manoj Tiwary,14/11/1985,Right hand Bat,Legbreak Googly,Batter,India
Hashim Amla,31/03/1983,Right hand Bat,"Right arm Medium, Right arm Offbreak",Top order Batter,South Africa
Sunil Joshi,06/06/1970,Left hand Bat,Slow Left arm Orthodox,Allrounder,India
Rahul Sharma,30/11/1986,Right hand Bat,Legbreak Googly,Bowler,India
Akash Singh,26/04/2002,Right hand Bat,Left arm Medium fast,Bowler,India
Abhishek Sharma,04/09/2000,Left hand Bat,Slow Left arm Orthodox,Allrounder,India
Vikram Singh,17/09/1984,Right hand Bat,Right arm Medium fast,Check,India
George Bailey,07/09/1982,Right hand Bat,Right arm Medium,Top order Batter,Australia
Mustafizur Rahman,06/09/1995,Left hand Bat,Left arm Fast medium,Bowler,Bangladesh
Zaheer Khan,08/10/1978,Right hand Bat,Left arm Fast medium,Bowler,India
Rajesh Bishnoi,08/10/1987,Right hand Bat,Right arm Medium fast,Middle order Batter,India
Arshdeep Singh,05/02/1999,Left hand Bat,Left arm Medium fast,Bowler,India
Abdul Samad,28/10/2001,Right hand Bat,Legbreak,Batter,India
Chamara Silva,14/12/1979,Right hand Bat,Legbreak,Batter,Sri Lanka
Owais Shah,22/10/1978,Right hand Bat,Right arm Offbreak,Batter,England
Lalit Yadav,03/01/1997,Right hand Bat,Right arm Offbreak,Allrounder,India
Shahid Afridi,01/03/1980,Right hand Bat,Legbreak Googly,Allrounder,Pakistan
Shoaib Akhtar,13/08/1975,Right hand Bat,Right arm Fast,Bowler,Pakistan
Gagandeep Singh,03/10/1981,Right hand Bat,Right arm Medium fast,Check,India
Sanjay Yadav,10/05/1995,Left hand Bat,Slow Left arm Orthodox,Allrounder,India
Ali Murtaza,01/01/1990,Left hand Bat,Slow Left arm Orthodox,Bowler,India
Mohammad Hafeez,17/10/1980,Right hand Bat,Right arm Offbreak,Allrounder,Pakistan
Khaleel Ahmed,05/12/1997,Right hand Bat,Left arm Fast medium,Bowler,India
Shoaib Ahmed,19/11/1987,Right hand Bat,Right arm Fast medium,Check,India
Rp Singh,06/12/1985,Right hand Bat,Left arm Fast medium,Bowler,India
David Miller,10/06/1989,Left hand Bat,Right arm Offbreak,Middle order Batter,South Africa
Vinay Kumar,12/02/1984,Right hand Bat,Right arm Medium,Bowler,India
Ryan Harris,11/10/1979,Right hand Bat,Right arm Fast,Bowler,Australia
Younis Khan,29/11/1977,Right hand Bat,"Right arm Medium, Legbreak",Middle order Batter,Pakistan
Mohit Sharma,18/09/1988,Right hand Bat,Right arm Medium,Bowler,India
Shahbaz Ahmed,11/12/1994,Left hand Bat,Slow Left arm Orthodox,Allrounder,India
Harpreet Singh,11/08/1991,Left hand Bat,Right arm Medium,Batter,India
Praveen Kumar,02/10/1986,Right hand Bat,Right arm Medium,Bowler,India
Misbahulhaq,28/05/1974,Right hand Bat,Legbreak,Middle order Batter,Pakistan
Faf Du Plessis,13/07/1984,Right hand Bat,Legbreak,Middle order Batter,South Africa
Jaskaran Singh,21/12/1991,Left hand Bat,Left arm Medium,Bowler,India
Amit Mishra,24/11/1982,Right hand Bat,Legbreak,Bowler,India
Shashank Singh,21/11/1991,Right hand Bat,"Right arm Medium, Right arm Offbreak",Batting Allrounder,India
Michael Clarke,02/04/1981,Right hand Bat,Slow Left arm Orthodox,Middle order Batter,Australia
Rohit Sharma,30/04/1987,Right hand Bat,Right arm Offbreak,Top order Batter,India
Ross Taylor,08/03/1984,Right hand Bat,Right arm Offbreak,Middle order Batter,New Zealand
Arindam Ghosh,19/10/1986,Right hand Bat,Right arm Medium,Batter,India
Shahbaz Nadeem,12/08/1989,Right hand Bat,Slow Left arm Orthodox,Bowler,India
Sunny Singh,18/12/1986,Right hand Bat,Right arm Medium fast,Batter,India
Sarfaraz Khan,22/10/1997,Right hand Bat,Legbreak,Middle order Batter,India
Amit Singh,21/06/1981,Right hand Bat,Right arm Medium fast,Bowler,India
Graeme Smith,01/02/1981,Left hand Bat,Right arm Offbreak,Opening Batter,South Africa
Rashid Khan,20/09/1998,Right hand Bat,Legbreak Googly,Bowling Allrounder,Afghanistan
Dawid Malan,03/09/1987,Left hand Bat,Legbreak,Top order Batter,England
Kamran Khan,10/03/1991,Left hand Bat,Left arm Medium fast,Bowler,India
Daryl Mitchell,20/05/1991,Right hand Bat,Right arm Medium,Batting Allrounder,New Zealand
Vijay Shankar,26/01/1991,Right hand Bat,Right arm Medium,Allrounder,India
Harbhajan Singh,03/07/1980,Right hand Bat,Right arm Offbreak,Bowler,India
Sandeep Sharma,18/05/1993,Right hand Bat,Right arm Medium,Bowler,India
Mohsin Khan,15/07/1998,Left hand Bat,Left arm Medium fast,Bowler,India
Harmeet Singh,09/10/1987,Right hand Bat,Right arm Medium,Bowler,India
Siddharth Trivedi,04/09/1982,Right hand Bat,Right arm Medium,Bowler,India
Matt Henry,14/12/1991,Right hand Bat,Right arm Fast medium,Bowler,New Zealand
Irfan Pathan,27/10/1984,Left hand Bat,Left arm Medium fast,Allrounder,India
Manish Pandey,10/09/1989,Right hand Bat,Right arm Medium,Top order Batter,India
Yuvraj Singh,12/12/1981,Left hand Bat,Slow Left arm Orthodox,Middle order Batter,India
Mohammad Nabi,01/01/1985,Right hand Bat,Right arm Offbreak,Allrounder,Afghanistan
Karan Sharma,31/10/1998,Right hand Bat,Right arm Offbreak,Allrounder,India
Niraj Patel,26/03/1981,Left hand Bat,,Allrounder,India
Mohammad Asif,20/12/1982,Left hand Bat,Right arm Fast medium,Bowler,Pakistan
Thalaivan Sargunam,15/05/1985,Right hand Bat,Right arm Offbreak,Batter,India
Ravisrinivasan Sai Kishore,06/11/1996,Left hand Bat,Slow Left arm Orthodox,Bowler,India
M Shahrukh Khan,27/05/1995,Right hand Bat,Right arm Offbreak,Batter,India
S Badrinath,30/08/1980,Right hand Bat,Right arm Offbreak,Middle order Batter,India
Anustup Majumdar,30/04/1984,Right hand Bat,Legbreak Googly,Middle order Batter,India
Dillon Du Preez,08/11/1981,Right hand Bat,Right arm Fast medium,Bowling Allrounder,South Africa
Wilkin Mota,20/09/1981,Right hand Bat,Right arm Medium,Bowling Allrounder,India
T Natarajan,04/04/1991,Left hand Bat,Left arm Medium,Bowler,India
Musavir Khote,22/04/1980,Right hand Bat,Right arm Medium,Bowler,India
Wanindu Hasaranga de Silva,29/07/1997,Right hand Bat,Legbreak,Allrounder,Sri Lanka
Prasanth Parameswaran,30/05/1985,Right hand Bat,Left arm Medium,Bowler,India
Veer Pratap Singh,03/05/1992,Right hand Bat,Right arm Medium,Bowler,India
Paidikalva Vijaykumar,20/10/1986,Right hand Bat,Right arm Medium,Bowler,India
Krishnakant Upadhyay,18/06/1986,Right hand Bat,Right arm Medium,Bowler,India
Sunny Gupta,27/09/1988,Right hand Bat,Right arm Offbreak,Bowler,India
Jagadeesh Arunkumar,18/01/1975,Right hand Bat,Right arm Offbreak,Top order Batter,India
Mohnish Parmar,12/04/1988,Right hand Bat,Right arm Offbreak,Bowler,India
Nathan Coulter-Nile,11/10/1987,Right hand Bat,Right arm Fast,Bowling Allrounder,Australia
Vikrant Yeligati,23/04/1985,Right hand Bat,Right arm Offbreak,Bowler,India
Vijay Zol,23/11/1994,Left hand Bat,Right arm Offbreak,Top order Batter,India
D'Arcy Short,09/08/1990,Left hand Bat,Left arm Wrist spin,Opening Batter,Australia
Daniel Harris,31/12/1979,Right hand Bat,Right arm Medium,Opening Batter,Australia
Chetanya Nanda,29/03/1979,Right hand Bat,Legbreak,Bowler,India
Palani Amarnath,01/06/1982,Right hand Bat,Right arm Medium,Bowler,India
Azhar Bilakhia,31/05/1986,Right hand Bat,Right arm Medium,Batter,India
Udit Birla,17/11/1989,Right hand Bat,Right arm Medium,Middle order Batter,India
Rohan Gavaskar,20/02/1976,Left hand Bat,Slow Left arm Orthodox,Batting Allrounder,India
Rohan Raje,03/09/1986,Right hand Bat,Right arm Fast medium,Bowler,India
Devraj Patil,06/12/1984,Right hand Bat,,Wicketkeeper Batter,India
Rahil Shaikh,12/06/1985,Left hand Bat,Left arm Medium,Bowler,India
Pm Sarvesh Kumar,26/04/1989,Right hand Bat,Right arm Medium,Bowler,India
Karanveer Singh,08/11/1987,Right hand Bat,Legbreak Googly,Bowler,India
Kevon Cooper,16/02/1989,Right hand Bat,Right arm Medium,Allrounder,West Indies
Halhadar Das,10/12/1986,Right hand Bat,,Wicketkeeper Batter,India
Chandrasekar Ganapathy,10/06/1981,Right hand Bat,Right arm Medium,Top order Batter,India
Ranadeb Bose,27/02/1979,Right hand Bat,Right arm Fast medium,Bowler,India
Tp Sudhindra,24/04/1984,Left hand Bat,Right arm Fast,Bowler,India
Yogesh Takawale,05/11/1984,Right hand Bat,,Opening Batter,India
Ishank Jaggi,27/01/1989,Right hand Bat,Legbreak Googly,Batter,India
Doddapaneni Kalyankrishna,16/12/1983,Right hand Bat,Right arm Medium fast,Bowler,India
Domnic Muthuswami,09/03/1981,Right hand Bat,Right arm Medium,Bowler,India
Sanjay Bangar,11/10/1972,Right hand Bat,Right arm Medium fast,Middle order Batter,India
Jean-Paul Duminy,14/04/1984,Left hand Bat,Right arm Offbreak,Batting Allrounder,South Africa
Shubham Agarwal,21/11/1993,Right hand Bat,Legbreak Googly,Bowling Allrounder,India
Amit Uniyal,21/11/1981,Left hand Bat,Left arm Medium,Opening Batter,India
Shivam Sharma,09/09/1993,Right hand Bat,Right arm Offbreak,Bowling Allrounder,India
Anirudh Singh,02/08/1980,Left hand Bat,Right arm Medium,Batter,India
Shoaib Shaikh,18/01/1987,Right hand Bat,Right arm Medium,Opening Batter,India
Mandeep Singh,18/12/1991,Right hand Bat,Right arm Medium,Allrounder,India
