"Batting_Team","Striker","Runs","Dismissed","Balls","Bowling_Team","Stadium","Season","Average","Strike_Rate"
"Chennai Super Kings","Abhinav Mukund",0,1,1,"All","All","All",0,0
"Chennai Super Kings","Albie Morkel",827,35,571,"All","All","All",23.6285714285714,144.833625218914
"Chennai Super Kings","Ambati Rayudu",1774,55,1381,"All","All","All",32.2545454545455,128.457639391745
"Chennai Super Kings","Andrew Flintoff",62,2,53,"All","All","All",31,116.981132075472
"Chennai Super Kings","Ankit Rajpoot",2,0,6,"All","All","All",Inf,33.3333333333333
"Chennai Super Kings","Arun Karthik",3,0,5,"All","All","All",Inf,60
"Chennai Super Kings","Ashish Nehra",1,1,7,"All","All","All",1,14.2857142857143
"Chennai Super Kings","Ben Laughlin",4,1,9,"All","All","All",4,44.4444444444444
"Chennai Super Kings","Brendon McCullum",841,26,613,"All","All","All",32.3461538461538,137.194127243067
"Chennai Super Kings","Chamara Kapugedera",16,3,23,"All","All","All",5.33333333333333,69.5652173913043
"Chennai Super Kings","Chris Jordan",11,1,8,"All","All","All",11,137.5
"Chennai Super Kings","Chris Morris",14,2,16,"All","All","All",7,87.5
"Chennai Super Kings","David Hussey",116,2,94,"All","All","All",58,123.404255319149
"Chennai Super Kings","Deepak Chahar",65,6,51,"All","All","All",10.8333333333333,127.450980392157
"Chennai Super Kings","Devon Conway",252,6,173,"All","All","All",42,145.664739884393
"Chennai Super Kings","Dhruv Shorey",13,2,17,"All","All","All",6.5,76.4705882352941
"Chennai Super Kings","Doug Bollinger",21,1,22,"All","All","All",21,95.4545454545455
"Chennai Super Kings","Dwaine Pretorius",44,4,28,"All","All","All",11,157.142857142857
"Chennai Super Kings","Dwayne Bravo",1004,40,732,"All","All","All",25.1,137.158469945355
"Chennai Super Kings","Dwayne Smith",965,32,751,"All","All","All",30.15625,128.49533954727
"Chennai Super Kings","Faf du Plessis",2721,77,2070,"All","All","All",35.3376623376623,131.449275362319
"Chennai Super Kings","George Bailey",63,3,66,"All","All","All",21,95.4545454545455
"Chennai Super Kings","Harbhajan Singh",30,4,39,"All","All","All",7.5,76.9230769230769
"Chennai Super Kings","Imran Tahir",15,0,12,"All","All","All",Inf,125
"Chennai Super Kings","Jacob Oram",106,7,105,"All","All","All",15.1428571428571,100.952380952381
"Chennai Super Kings","Joginder Sharma",36,4,30,"All","All","All",9,120
"Chennai Super Kings","Justin Kemp",26,2,24,"All","All","All",13,108.333333333333
"Chennai Super Kings","Kedar Jadhav",248,12,257,"All","All","All",20.6666666666667,96.4980544747082
"Chennai Super Kings","Lakshmipathy Balaji",22,5,34,"All","All","All",4.4,64.7058823529412
"Chennai Super Kings","MS Dhoni",4404,109,3222,"All","All","All",40.4036697247706,136.685288640596
"Chennai Super Kings","Maheesh Theekshana",7,1,7,"All","All","All",7,100
"Chennai Super Kings","Makhaya Ntini",11,1,18,"All","All","All",11,61.1111111111111
"Chennai Super Kings","Manpreet Gony",50,4,36,"All","All","All",12.5,138.888888888889
"Chennai Super Kings","Mark Wood",1,1,3,"All","All","All",1,33.3333333333333
"Chennai Super Kings","Matthew Hayden",1107,30,805,"All","All","All",36.9,137.515527950311
"Chennai Super Kings","Michael Hussey",1768,42,1430,"All","All","All",42.0952380952381,123.636363636364
"Chennai Super Kings","Mitchell Santner",54,3,50,"All","All","All",18,108
"Chennai Super Kings","Mithun Manhas",35,2,23,"All","All","All",17.5,152.173913043478
"Chennai Super Kings","Moeen Ali",601,24,437,"All","All","All",25.0416666666667,137.528604118993
"Chennai Super Kings","Mohit Sharma",29,3,28,"All","All","All",9.66666666666667,103.571428571429
"Chennai Super Kings","Mukesh Choudhary",6,1,6,"All","All","All",6,100
"Chennai Super Kings","Murali Vijay",1708,65,1365,"All","All","All",26.2769230769231,125.128205128205
"Chennai Super Kings","Muthiah Muralidaran",9,4,13,"All","All","All",2.25,69.2307692307692
"Chennai Super Kings","Narayan Jagadeesan",73,3,66,"All","All","All",24.3333333333333,110.606060606061
"Chennai Super Kings","Nuwan Kulasekara",5,0,3,"All","All","All",Inf,166.666666666667
"Chennai Super Kings","Parthiv Patel",516,24,502,"All","All","All",21.5,102.788844621514
"Chennai Super Kings","Pawan Negi",116,8,73,"All","All","All",14.5,158.904109589041
"Chennai Super Kings","Ravichandran Ashwin",190,20,202,"All","All","All",9.5,94.059405940594
"Chennai Super Kings","Ravindra Jadeja",1440,54,1073,"All","All","All",26.6666666666667,134.203168685927
"Chennai Super Kings","Robin Uthappa",345,15,255,"All","All","All",23,135.294117647059
"Chennai Super Kings","Ronit More",2,0,2,"All","All","All",Inf,100
"Chennai Super Kings","Ruturaj Gaikwad",1207,32,926,"All","All","All",37.71875,130.345572354212
"Chennai Super Kings","S Badrinath",1441,47,1212,"All","All","All",30.6595744680851,118.894389438944
"Chennai Super Kings","Sam Billings",108,9,82,"All","All","All",12,131.707317073171
"Chennai Super Kings","Sam Curran",242,11,170,"All","All","All",22,142.352941176471
"Chennai Super Kings","Scott Styris",5,0,2,"All","All","All",Inf,250
"Chennai Super Kings","Shadab Jakati",27,1,27,"All","All","All",27,100
"Chennai Super Kings","Shane Watson",1252,41,918,"All","All","All",30.5365853658537,136.383442265795
"Chennai Super Kings","Shardul Thakur",46,4,38,"All","All","All",11.5,121.052631578947
"Chennai Super Kings","Shivam Dube",289,10,185,"All","All","All",28.9,156.216216216216
"Chennai Super Kings","Simarjeet Singh",7,1,8,"All","All","All",7,87.5
"Chennai Super Kings","Srikkanth Anirudha",133,7,108,"All","All","All",19,123.148148148148
"Chennai Super Kings","Stephen Fleming",196,9,164,"All","All","All",21.7777777777778,119.512195121951
"Chennai Super Kings","Sudeep Tyagi",3,0,4,"All","All","All",Inf,75
"Chennai Super Kings","Suraj Randiv",2,1,4,"All","All","All",2,50
"Chennai Super Kings","Suresh Raina",4687,145,3425,"All","All","All",32.3241379310345,136.846715328467
"Chennai Super Kings","Thilan Thushara",12,2,18,"All","All","All",6,66.6666666666667
"Chennai Super Kings","Vidyut Sivaramakrishnan",145,8,109,"All","All","All",18.125,133.02752293578
"Chennai Super Kings","Wriddhiman Saha",144,5,133,"All","All","All",28.8,108.270676691729
"Deccan Chargers","Abhishek Jhunjhunwala",24,2,26,"All","All","All",12,92.3076923076923
"Deccan Chargers","Adam Gilchrist",1220,45,828,"All","All","All",27.1111111111111,147.342995169082
"Deccan Chargers","Akshath Reddy",73,3,59,"All","All","All",24.3333333333333,123.728813559322
"Deccan Chargers","Amit Mishra",84,7,69,"All","All","All",12,121.739130434783
"Deccan Chargers","Andrew Symonds",839,23,612,"All","All","All",36.4782608695652,137.091503267974
"Deccan Chargers","Anirudh Singh",63,4,66,"All","All","All",15.75,95.4545454545455
"Deccan Chargers","Ankit Sharma",18,3,13,"All","All","All",6,138.461538461538
"Deccan Chargers","Arjun Yadav",49,5,39,"All","All","All",9.8,125.641025641026
"Deccan Chargers","Ashish Reddy",35,4,29,"All","All","All",8.75,120.689655172414
"Deccan Chargers","Azhar Bilakhia",69,5,85,"All","All","All",13.8,81.1764705882353
"Deccan Chargers","Bharat Chipli",244,11,205,"All","All","All",22.1818181818182,119.024390243902
"Deccan Chargers","Biplab Samantray",2,0,2,"All","All","All",Inf,100
"Deccan Chargers","Bodapati Sumanth",35,1,37,"All","All","All",35,94.5945945945946
"Deccan Chargers","Cameron White",583,15,429,"All","All","All",38.8666666666667,135.897435897436
"Deccan Chargers","Chamara Silva",40,2,26,"All","All","All",20,153.846153846154
"Deccan Chargers","Chaminda Vaas",81,8,73,"All","All","All",10.125,110.958904109589
"Deccan Chargers","Chris Lynn",6,1,9,"All","All","All",6,66.6666666666667
"Deccan Chargers","Dale Steyn",55,9,56,"All","All","All",6.11111111111111,98.2142857142857
"Deccan Chargers","Dan Christian",335,16,277,"All","All","All",20.9375,120.938628158845
"Deccan Chargers","Daniel Harris",111,4,101,"All","All","All",27.75,109.90099009901
"Deccan Chargers","Doddapaneni Kalyankrishna",3,1,8,"All","All","All",3,37.5
"Deccan Chargers","Dwaraka Ravi Teja",361,18,300,"All","All","All",20.0555555555556,120.333333333333
"Deccan Chargers","Dwayne Smith",237,10,157,"All","All","All",23.7,150.955414012739
"Deccan Chargers","Fidel Edwards",4,1,5,"All","All","All",4,80
"Deccan Chargers","Halhadar Das",2,1,5,"All","All","All",2,40
"Deccan Chargers","Harmeet Singh",0,1,1,"All","All","All",0,0
"Deccan Chargers","Herschelle Gibbs",805,30,719,"All","All","All",26.8333333333333,111.961057023644
"Deccan Chargers","Ishan Malhotra",7,0,4,"All","All","All",Inf,175
"Deccan Chargers","Ishank Jaggi",43,4,58,"All","All","All",10.75,74.1379310344828
"Deccan Chargers","Ishant Sharma",4,0,5,"All","All","All",Inf,80
"Deccan Chargers","Jaskaran Singh",8,1,11,"All","All","All",8,72.7272727272727
"Deccan Chargers","Jean-Paul Duminy",450,13,365,"All","All","All",34.6153846153846,123.287671232877
"Deccan Chargers","Kemar Roach",10,1,9,"All","All","All",10,111.111111111111
"Deccan Chargers","Kumar Sangakkara",557,24,476,"All","All","All",23.2083333333333,117.016806722689
"Deccan Chargers","Manpreet Gony",4,2,10,"All","All","All",2,40
"Deccan Chargers","Michael Lumb",0,1,2,"All","All","All",0,0
"Deccan Chargers","Mitchell Marsh",28,2,30,"All","All","All",14,93.3333333333333
"Deccan Chargers","Mohnish Mishra",166,11,144,"All","All","All",15.0909090909091,115.277777777778
"Deccan Chargers","Nuwan Zoysa",11,1,9,"All","All","All",11,122.222222222222
"Deccan Chargers","PM Sarvesh Kumar",1,0,2,"All","All","All",Inf,50
"Deccan Chargers","Paidikalva Vijaykumar",1,0,1,"All","All","All",Inf,100
"Deccan Chargers","Parthiv Patel",194,11,165,"All","All","All",17.6363636363636,117.575757575758
"Deccan Chargers","Pragyan Ojha",6,7,19,"All","All","All",0.857142857142857,31.5789473684211
"Deccan Chargers","RP Singh",44,10,60,"All","All","All",4.4,73.3333333333333
"Deccan Chargers","Rahul Sharma",29,3,26,"All","All","All",9.66666666666667,111.538461538462
"Deccan Chargers","Rohit Sharma",1170,38,890,"All","All","All",30.7894736842105,131.460674157303
"Deccan Chargers","Rusty Theron",7,0,6,"All","All","All",Inf,116.666666666667
"Deccan Chargers","Ryan Harris",66,5,57,"All","All","All",13.2,115.789473684211
"Deccan Chargers","Sanjay Bangar",47,5,49,"All","All","All",9.4,95.9183673469388
"Deccan Chargers","Scott Styris",126,7,131,"All","All","All",18,96.1832061068702
"Deccan Chargers","Shahid Afridi",81,8,46,"All","All","All",10.125,176.086956521739
"Deccan Chargers","Shikhar Dhawan",969,26,749,"All","All","All",37.2692307692308,129.372496662216
"Deccan Chargers","Shoaib Ahmed",1,2,6,"All","All","All",0.5,16.6666666666667
"Deccan Chargers","Sunny Sohal",249,10,191,"All","All","All",24.9,130.366492146597
"Deccan Chargers","Tirumalasetti Suman",544,19,447,"All","All","All",28.6315789473684,121.700223713647
"Deccan Chargers","VVS Laxman",238,15,224,"All","All","All",15.8666666666667,106.25
"Deccan Chargers","Veer Pratap Singh",0,1,1,"All","All","All",0,0
"Deccan Chargers","Venugopal Rao",446,23,367,"All","All","All",19.3913043478261,121.525885558583
"Delhi Capitals","AB de Villiers",671,21,572,"All","All","All",31.952380952381,117.307692307692
"Delhi Capitals","Aaron Finch",102,8,97,"All","All","All",12.75,105.154639175258
"Delhi Capitals","Abhishek Sharma",63,1,33,"All","All","All",63,190.909090909091
"Delhi Capitals","Aditya Tare",18,3,23,"All","All","All",6,78.2608695652174
"Delhi Capitals","Ajinkya Rahane",121,9,115,"All","All","All",13.4444444444444,105.217391304348
"Delhi Capitals","Ajit Agarkar",19,1,22,"All","All","All",19,86.3636363636364
"Delhi Capitals","Albie Morkel",86,1,65,"All","All","All",86,132.307692307692
"Delhi Capitals","Alex Carey",32,2,29,"All","All","All",16,110.344827586207
"Delhi Capitals","Amit Mishra",185,17,217,"All","All","All",10.8823529411765,85.2534562211981
"Delhi Capitals","Andre Russell",58,4,40,"All","All","All",14.5,145
"Delhi Capitals","Andrew McDonald",76,2,63,"All","All","All",38,120.634920634921
"Delhi Capitals","Angelo Mathews",176,9,131,"All","All","All",19.5555555555556,134.351145038168
"Delhi Capitals","Ankit Bawne",12,0,12,"All","All","All",Inf,100
"Delhi Capitals","Anrich Nortje",8,1,12,"All","All","All",8,66.6666666666667
"Delhi Capitals","Ashish Nehra",25,5,29,"All","All","All",5,86.2068965517241
"Delhi Capitals","Ashok Dinda",0,1,5,"All","All","All",0,0
"Delhi Capitals","Avesh Khan",9,1,6,"All","All","All",9,150
"Delhi Capitals","Axar Patel",449,23,339,"All","All","All",19.5217391304348,132.448377581121
"Delhi Capitals","Ben Rohrer",193,6,140,"All","All","All",32.1666666666667,137.857142857143
"Delhi Capitals","Bharat Chipli",16,1,18,"All","All","All",16,88.8888888888889
"Delhi Capitals","Carlos Brathwaite",95,8,53,"All","All","All",11.875,179.245283018868
"Delhi Capitals","Chidhambaram Gautam",48,3,39,"All","All","All",16,123.076923076923
"Delhi Capitals","Chris Morris",427,15,266,"All","All","All",28.4666666666667,160.526315789474
"Delhi Capitals","Chris Woakes",15,0,11,"All","All","All",Inf,136.363636363636
"Delhi Capitals","Colin Ingram",205,12,180,"All","All","All",17.0833333333333,113.888888888889
"Delhi Capitals","Colin Munro",147,8,111,"All","All","All",18.375,132.432432432432
"Delhi Capitals","Corey Anderson",142,7,123,"All","All","All",20.2857142857143,115.447154471545
"Delhi Capitals","Dan Christian",26,2,33,"All","All","All",13,78.7878787878788
"Delhi Capitals","Daniel Sams",0,1,2,"All","All","All",0,0
"Delhi Capitals","Daniel Vettori",67,3,59,"All","All","All",22.3333333333333,113.559322033898
"Delhi Capitals","David Warner",1867,59,1365,"All","All","All",31.6440677966102,136.776556776557
"Delhi Capitals","Dinesh Karthik",1036,41,819,"All","All","All",25.2682926829268,126.495726495726
"Delhi Capitals","Dirk Nannes",4,1,13,"All","All","All",4,30.7692307692308
"Delhi Capitals","Domnic Muthuswami",1,1,3,"All","All","All",1,33.3333333333333
"Delhi Capitals","Doug Bracewell",12,0,9,"All","All","All",Inf,133.333333333333
"Delhi Capitals","Farveez Maharoof",177,10,123,"All","All","All",17.7,143.90243902439
"Delhi Capitals","Gautam Gambhir",1182,40,962,"All","All","All",29.55,122.869022869023
"Delhi Capitals","Glenn Maxwell",175,13,131,"All","All","All",13.4615384615385,133.587786259542
"Delhi Capitals","Glenn McGrath",4,1,5,"All","All","All",4,80
"Delhi Capitals","Hanuma Vihari",4,2,8,"All","All","All",2,50
"Delhi Capitals","Harshal Patel",81,4,59,"All","All","All",20.25,137.28813559322
"Delhi Capitals","Imran Tahir",18,4,23,"All","All","All",4.5,78.2608695652174
"Delhi Capitals","Irfan Pathan",468,23,416,"All","All","All",20.3478260869565,112.5
"Delhi Capitals","Ishant Sharma",10,0,3,"All","All","All",Inf,333.333333333333
"Delhi Capitals","Jagadeesha Suchith",6,1,15,"All","All","All",6,40
"Delhi Capitals","James Hopes",196,5,158,"All","All","All",39.2,124.050632911392
"Delhi Capitals","James Neesham",42,3,46,"All","All","All",14,91.304347826087
"Delhi Capitals","Jason Roy",120,4,94,"All","All","All",30,127.659574468085
"Delhi Capitals","Jayant Yadav",6,2,10,"All","All","All",3,60
"Delhi Capitals","Jaydev Unadkat",1,1,6,"All","All","All",1,16.6666666666667
"Delhi Capitals","Jean-Paul Duminy",1015,23,776,"All","All","All",44.1304347826087,130.798969072165
"Delhi Capitals","Jeevan Mendis",23,3,27,"All","All","All",7.66666666666667,85.1851851851852
"Delhi Capitals","Johan Botha",43,6,52,"All","All","All",7.16666666666667,82.6923076923077
"Delhi Capitals","Kagiso Rabada",138,10,134,"All","All","All",13.8,102.985074626866
"Delhi Capitals","Karun Nair",638,23,523,"All","All","All",27.7391304347826,121.988527724665
"Delhi Capitals","Kedar Jadhav",566,23,421,"All","All","All",24.6086956521739,134.441805225653
"Delhi Capitals","Keemo Paul",18,4,24,"All","All","All",4.5,75
"Delhi Capitals","Kevin Pietersen",599,15,440,"All","All","All",39.9333333333333,136.136363636364
"Delhi Capitals","Khaleel Ahmed",0,2,2,"All","All","All",0,0
"Delhi Capitals","Kuldeep Yadav",48,1,52,"All","All","All",48,92.3076923076923
"Delhi Capitals","Lalit Yadav",229,9,219,"All","All","All",25.4444444444444,104.566210045662
"Delhi Capitals","Laxmi Shukla",31,3,38,"All","All","All",10.3333333333333,81.5789473684211
"Delhi Capitals","Liam Plunkett",1,1,3,"All","All","All",1,33.3333333333333
"Delhi Capitals","Mahela Jayawardene",666,27,611,"All","All","All",24.6666666666667,109.001636661211
"Delhi Capitals","Mandeep Singh",18,3,23,"All","All","All",6,78.2608695652174
"Delhi Capitals","Manoj Tiwary",322,12,272,"All","All","All",26.8333333333333,118.382352941176
"Delhi Capitals","Manprit Juneja",125,7,128,"All","All","All",17.8571428571429,97.65625
"Delhi Capitals","Marcus Stoinis",441,18,309,"All","All","All",24.5,142.718446601942
"Delhi Capitals","Marlon Samuels",29,4,31,"All","All","All",7.25,93.5483870967742
"Delhi Capitals","Matthew Wade",22,3,33,"All","All","All",7.33333333333333,66.6666666666667
"Delhi Capitals","Mayank Agarwal",355,20,293,"All","All","All",17.75,121.160409556314
"Delhi Capitals","Mitchell Marsh",251,8,189,"All","All","All",31.375,132.804232804233
"Delhi Capitals","Mithun Manhas",232,7,211,"All","All","All",33.1428571428571,109.952606635071
"Delhi Capitals","Mohammad Asif",3,2,6,"All","All","All",1.5,50
"Delhi Capitals","Mohammed Shami",48,7,41,"All","All","All",6.85714285714286,117.073170731707
"Delhi Capitals","Moises Henriques",11,1,5,"All","All","All",11,220
"Delhi Capitals","Morne Morkel",100,8,59,"All","All","All",12.5,169.491525423729
"Delhi Capitals","Murali Vijay",207,11,192,"All","All","All",18.8181818181818,107.8125
"Delhi Capitals","Mustafizur Rahman",3,0,5,"All","All","All",Inf,60
"Delhi Capitals","Naman Ojha",425,26,399,"All","All","All",16.3461538461538,106.516290726817
"Delhi Capitals","Nathan Coulter-Nile",29,4,32,"All","All","All",7.25,90.625
"Delhi Capitals","Pat Cummins",77,5,53,"All","All","All",15.4,145.283018867925
"Delhi Capitals","Paul Collingwood",203,5,156,"All","All","All",40.6,130.128205128205
"Delhi Capitals","Pawan Negi",93,4,88,"All","All","All",23.25,105.681818181818
"Delhi Capitals","Pradeep Sangwan",18,4,29,"All","All","All",4.5,62.0689655172414
"Delhi Capitals","Praveen Dubey",7,0,13,"All","All","All",Inf,53.8461538461538
"Delhi Capitals","Prithvi Shaw",1588,63,1077,"All","All","All",25.2063492063492,147.44661095636
"Delhi Capitals","Quinton de Kock",720,22,534,"All","All","All",32.7272727272727,134.831460674157
"Delhi Capitals","Rahul Shukla",18,1,21,"All","All","All",18,85.7142857142857
"Delhi Capitals","Rahul Tewatia",76,4,65,"All","All","All",19,116.923076923077
"Delhi Capitals","Rajat Bhatia",66,10,63,"All","All","All",6.6,104.761904761905
"Delhi Capitals","Ravichandran Ashwin",81,6,76,"All","All","All",13.5,106.578947368421
"Delhi Capitals","Ripal Patel",31,2,30,"All","All","All",15.5,103.333333333333
"Delhi Capitals","Rishabh Pant",2838,82,1918,"All","All","All",34.609756097561,147.966631908238
"Delhi Capitals","Roelof van der Merwe",36,2,41,"All","All","All",18,87.8048780487805
"Delhi Capitals","Ross Taylor",256,13,230,"All","All","All",19.6923076923077,111.304347826087
"Delhi Capitals","Rovman Powell",250,10,167,"All","All","All",25,149.700598802395
"Delhi Capitals","Sam Billings",226,10,168,"All","All","All",22.6,134.52380952381
"Delhi Capitals","Sandeep Lamichhane",0,1,1,"All","All","All",0,0
"Delhi Capitals","Sanju Samson",677,25,532,"All","All","All",27.08,127.255639097744
"Delhi Capitals","Sarabjit Ladda",0,1,9,"All","All","All",0,0
"Delhi Capitals","Sarfaraz Khan",91,3,67,"All","All","All",30.3333333333333,135.820895522388
"Delhi Capitals","Saurabh Tiwary",109,0,78,"All","All","All",Inf,139.74358974359
"Delhi Capitals","Shahbaz Nadeem",32,12,78,"All","All","All",2.66666666666667,41.025641025641
"Delhi Capitals","Shardul Thakur",120,8,87,"All","All","All",15,137.931034482759
"Delhi Capitals","Sherfane Rutherford",73,5,54,"All","All","All",14.6,135.185185185185
"Delhi Capitals","Shikhar Dhawan",2066,53,1577,"All","All","All",38.9811320754717,131.008243500317
"Delhi Capitals","Shimron Hetmyer",427,15,269,"All","All","All",28.4666666666667,158.736059479554
"Delhi Capitals","Shoaib Malik",52,4,47,"All","All","All",13,110.63829787234
"Delhi Capitals","Shreyas Iyer",2375,75,1916,"All","All","All",31.6666666666667,123.956158663883
"Delhi Capitals","Siddarth Kaul",9,0,11,"All","All","All",Inf,81.8181818181818
"Delhi Capitals","Sridharan Sriram",4,1,7,"All","All","All",4,57.1428571428571
"Delhi Capitals","Srikar Bharat",8,2,7,"All","All","All",4,114.285714285714
"Delhi Capitals","Steven Smith",152,6,135,"All","All","All",25.3333333333333,112.592592592593
"Delhi Capitals","Sunny Gupta",0,1,1,"All","All","All",0,0
"Delhi Capitals","Tillakaratne Dilshan",566,22,473,"All","All","All",25.7272727272727,119.661733615222
"Delhi Capitals","Tim Seifert",24,2,19,"All","All","All",12,126.315789473684
"Delhi Capitals","Tom Curran",21,1,17,"All","All","All",21,123.529411764706
"Delhi Capitals","Travis Birt",75,5,58,"All","All","All",15,129.310344827586
"Delhi Capitals","Trent Boult",7,2,6,"All","All","All",3.5,116.666666666667
"Delhi Capitals","Tushar Deshpande",21,1,12,"All","All","All",21,175
"Delhi Capitals","Umesh Yadav",44,4,54,"All","All","All",11,81.4814814814815
"Delhi Capitals","Unmukt Chand",196,13,204,"All","All","All",15.0769230769231,96.078431372549
"Delhi Capitals","Varun Aaron",1,2,8,"All","All","All",0.5,12.5
"Delhi Capitals","Venugopal Rao",468,18,406,"All","All","All",26,115.270935960591
"Delhi Capitals","Vijay Shankar",212,4,148,"All","All","All",53,143.243243243243
"Delhi Capitals","Virender Sehwag",2174,74,1356,"All","All","All",29.3783783783784,160.324483775811
"Delhi Capitals","Wayne Parnell",2,1,2,"All","All","All",2,100
"Delhi Capitals","Yo Mahesh",15,2,27,"All","All","All",7.5,55.5555555555556
"Delhi Capitals","Yogesh Nagar",285,14,259,"All","All","All",20.3571428571429,110.03861003861
"Delhi Capitals","Yuvraj Singh",248,13,210,"All","All","All",19.0769230769231,118.095238095238
"Delhi Capitals","Zaheer Khan",10,3,26,"All","All","All",3.33333333333333,38.4615384615385
"Gujarat Lions","Aaron Finch",692,22,479,"All","All","All",31.4545454545455,144.46764091858
"Gujarat Lions","Akshdeep Nath",20,4,28,"All","All","All",5,71.4285714285714
"Gujarat Lions","Andrew Tye",53,2,30,"All","All","All",26.5,176.666666666667
"Gujarat Lions","Ankit Soni",7,2,9,"All","All","All",3.5,77.7777777777778
"Gujarat Lions","Basil Thampi",28,0,28,"All","All","All",Inf,100
"Gujarat Lions","Brendon McCullum",673,27,479,"All","All","All",24.9259259259259,140.501043841336
"Gujarat Lions","Dale Steyn",1,1,2,"All","All","All",1,50
"Gujarat Lions","Dhawal Kulkarni",28,3,18,"All","All","All",9.33333333333333,155.555555555556
"Gujarat Lions","Dinesh Karthik",696,23,525,"All","All","All",30.2608695652174,132.571428571429
"Gujarat Lions","Dwayne Bravo",99,8,82,"All","All","All",12.375,120.731707317073
"Gujarat Lions","Dwayne Smith",563,22,377,"All","All","All",25.5909090909091,149.336870026525
"Gujarat Lions","Eklavya Dwivedi",24,2,14,"All","All","All",12,171.428571428571
"Gujarat Lions","Irfan Pathan",2,1,3,"All","All","All",2,66.6666666666667
"Gujarat Lions","Ishan Kishan",319,15,247,"All","All","All",21.2666666666667,129.14979757085
"Gujarat Lions","James Faulkner",131,7,116,"All","All","All",18.7142857142857,112.931034482759
"Gujarat Lions","Jason Roy",59,2,40,"All","All","All",29.5,147.5
"Gujarat Lions","Munaf Patel",0,1,1,"All","All","All",0,0
"Gujarat Lions","Pradeep Sangwan",2,2,4,"All","All","All",1,50
"Gujarat Lions","Praveen Kumar",32,5,35,"All","All","All",6.4,91.4285714285714
"Gujarat Lions","Pravin Tambe",7,0,19,"All","All","All",Inf,36.8421052631579
"Gujarat Lions","Ravindra Jadeja",349,13,290,"All","All","All",26.8461538461538,120.344827586207
"Gujarat Lions","Shadab Jakati",1,0,2,"All","All","All",Inf,50
"Gujarat Lions","Shivil Kaushik",0,1,1,"All","All","All",0,0
"Gujarat Lions","Suresh Raina",841,25,619,"All","All","All",33.64,135.864297253635
"Gujarat Titans","Abhinav Manohar",108,6,75,"All","All","All",18,144
"Gujarat Titans","Alzarri Joseph",5,1,7,"All","All","All",5,71.4285714285714
"Gujarat Titans","David Miller",481,7,337,"All","All","All",68.7142857142857,142.72997032641
"Gujarat Titans","Hardik Pandya",487,11,371,"All","All","All",44.2727272727273,131.266846361186
"Gujarat Titans","Lockie Ferguson",5,2,4,"All","All","All",2.5,125
"Gujarat Titans","Matthew Wade",157,10,138,"All","All","All",15.7,113.768115942029
"Gujarat Titans","Pradeep Sangwan",2,1,5,"All","All","All",2,40
"Gujarat Titans","Rahul Tewatia",217,7,147,"All","All","All",31,147.619047619048
"Gujarat Titans","Rashid Khan",91,4,44,"All","All","All",22.75,206.818181818182
"Gujarat Titans","Sai Sudharsan",145,4,114,"All","All","All",36.25,127.19298245614
"Gujarat Titans","Shubman Gill",483,14,365,"All","All","All",34.5,132.328767123288
"Gujarat Titans","Vijay Shankar",19,4,35,"All","All","All",4.75,54.2857142857143
"Gujarat Titans","Wriddhiman Saha",317,10,259,"All","All","All",31.7,122.393822393822
"Gujarat Titans","Yash Dayal",0,1,1,"All","All","All",0,0
"Kochi Tuskers Kerala","Balachandra Akhil",13,1,9,"All","All","All",13,144.444444444444
"Kochi Tuskers Kerala","Brad Hodge",285,8,236,"All","All","All",35.625,120.762711864407
"Kochi Tuskers Kerala","Brendon McCullum",357,13,275,"All","All","All",27.4615384615385,129.818181818182
"Kochi Tuskers Kerala","Gnaneswara Rao",19,1,17,"All","All","All",19,111.764705882353
"Kochi Tuskers Kerala","Kedar Jadhav",18,3,23,"All","All","All",6,78.2608695652174
"Kochi Tuskers Kerala","Mahela Jayawardene",299,13,257,"All","All","All",23,116.342412451362
"Kochi Tuskers Kerala","Michael Klinger",73,4,77,"All","All","All",18.25,94.8051948051948
"Kochi Tuskers Kerala","Muthiah Muralidaran",5,0,8,"All","All","All",Inf,62.5
"Kochi Tuskers Kerala","Owais Shah",26,2,15,"All","All","All",13,173.333333333333
"Kochi Tuskers Kerala","Parthiv Patel",202,10,183,"All","All","All",20.2,110.382513661202
"Kochi Tuskers Kerala","Prasanth Parameswaran",1,0,1,"All","All","All",Inf,100
"Kochi Tuskers Kerala","RP Singh",2,2,4,"All","All","All",1,50
"Kochi Tuskers Kerala","Raiphi Gomez",46,5,50,"All","All","All",9.2,92
"Kochi Tuskers Kerala","Ramesh Powar",11,1,13,"All","All","All",11,84.6153846153846
"Kochi Tuskers Kerala","Ravindra Jadeja",283,9,228,"All","All","All",31.4444444444444,124.122807017544
"Kochi Tuskers Kerala","Sreesanth",1,2,9,"All","All","All",0.5,11.1111111111111
"Kochi Tuskers Kerala","Thisara Perera",23,2,27,"All","All","All",11.5,85.1851851851852
"Kochi Tuskers Kerala","VVS Laxman",44,3,42,"All","All","All",14.6666666666667,104.761904761905
"Kochi Tuskers Kerala","Vinay Kumar",50,6,47,"All","All","All",8.33333333333333,106.382978723404
"Kolkata Knight Riders","Aakash Chopra",53,6,71,"All","All","All",8.83333333333333,74.6478873239437
"Kolkata Knight Riders","Aaron Finch",86,5,61,"All","All","All",17.2,140.983606557377
"Kolkata Knight Riders","Abhijeet Tomar",4,1,8,"All","All","All",4,50
"Kolkata Knight Riders","Ajantha Mendis",1,1,2,"All","All","All",1,50
"Kolkata Knight Riders","Ajinkya Rahane",133,7,128,"All","All","All",19,103.90625
"Kolkata Knight Riders","Ajit Agarkar",160,8,132,"All","All","All",20,121.212121212121
"Kolkata Knight Riders","Aman Hakim Khan",5,1,3,"All","All","All",5,166.666666666667
"Kolkata Knight Riders","Andre Russell",1977,63,1104,"All","All","All",31.3809523809524,179.076086956522
"Kolkata Knight Riders","Angelo Mathews",249,7,197,"All","All","All",35.5714285714286,126.395939086294
"Kolkata Knight Riders","Ankit Rajpoot",4,1,7,"All","All","All",4,57.1428571428571
"Kolkata Knight Riders","Anukul Roy",0,1,2,"All","All","All",0,0
"Kolkata Knight Riders","Arindam Ghosh",7,2,8,"All","All","All",3.5,87.5
"Kolkata Knight Riders","Ashok Dinda",4,4,8,"All","All","All",1,50
"Kolkata Knight Riders","Azhar Mahmood",6,1,7,"All","All","All",6,85.7142857142857
"Kolkata Knight Riders","Baba Indrajith",21,3,30,"All","All","All",7,70
"Kolkata Knight Riders","Brad Haddin",18,1,11,"All","All","All",18,163.636363636364
"Kolkata Knight Riders","Brad Hodge",476,16,417,"All","All","All",29.75,114.148681055156
"Kolkata Knight Riders","Brad Hogg",7,1,6,"All","All","All",7,116.666666666667
"Kolkata Knight Riders","Brendon McCullum",882,32,731,"All","All","All",27.5625,120.656634746922
"Kolkata Knight Riders","Brett Lee",68,6,41,"All","All","All",11.3333333333333,165.853658536585
"Kolkata Knight Riders","Carlos Brathwaite",11,2,10,"All","All","All",5.5,110
"Kolkata Knight Riders","Charl Langeveldt",0,1,1,"All","All","All",0,0
"Kolkata Knight Riders","Cheteshwar Pujara",122,4,115,"All","All","All",30.5,106.086956521739
"Kolkata Knight Riders","Chris Gayle",463,15,327,"All","All","All",30.8666666666667,141.590214067278
"Kolkata Knight Riders","Chris Lynn",1274,37,901,"All","All","All",34.4324324324324,141.398446170921
"Kolkata Knight Riders","Chris Woakes",46,4,47,"All","All","All",11.5,97.8723404255319
"Kolkata Knight Riders","Colin Munro",30,3,30,"All","All","All",10,100
"Kolkata Knight Riders","Colin de Grandhomme",126,8,92,"All","All","All",15.75,136.95652173913
"Kolkata Knight Riders","Darren Bravo",6,0,5,"All","All","All",Inf,120
"Kolkata Knight Riders","David Hussey",511,19,404,"All","All","All",26.8947368421053,126.485148514851
"Kolkata Knight Riders","Debabrata Das",304,14,261,"All","All","All",21.7142857142857,116.475095785441
"Kolkata Knight Riders","Dinesh Karthik",1143,40,814,"All","All","All",28.575,140.41769041769
"Kolkata Knight Riders","Eoin Morgan",995,41,798,"All","All","All",24.2682926829268,124.68671679198
"Kolkata Knight Riders","Gautam Gambhir",3035,95,2442,"All","All","All",31.9473684210526,124.283374283374
"Kolkata Knight Riders","Harbhajan Singh",4,0,4,"All","All","All",Inf,100
"Kolkata Knight Riders","Harry Gurney",1,0,5,"All","All","All",Inf,20
"Kolkata Knight Riders","Harshit Rana",2,1,2,"All","All","All",2,100
"Kolkata Knight Riders","Iqbal Abdulla",26,0,32,"All","All","All",Inf,81.25
"Kolkata Knight Riders","Ishank Jaggi",33,1,39,"All","All","All",33,84.6153846153846
"Kolkata Knight Riders","Ishant Sharma",33,4,41,"All","All","All",8.25,80.4878048780488
"Kolkata Knight Riders","Jacques Kallis",1295,48,1213,"All","All","All",26.9791666666667,106.760098928277
"Kolkata Knight Riders","Jason Holder",22,4,19,"All","All","All",5.5,115.789473684211
"Kolkata Knight Riders","Javon Searles",8,1,6,"All","All","All",8,133.333333333333
"Kolkata Knight Riders","Joe Denly",0,1,1,"All","All","All",0,0
"Kolkata Knight Riders","Johan Botha",31,3,15,"All","All","All",10.3333333333333,206.666666666667
"Kolkata Knight Riders","KC Cariappa",9,0,3,"All","All","All",Inf,300
"Kolkata Knight Riders","Kamlesh Nagarkoti",22,4,33,"All","All","All",5.5,66.6666666666667
"Kolkata Knight Riders","Kuldeep Yadav",57,5,75,"All","All","All",11.4,76
"Kolkata Knight Riders","Lakshmipathy Balaji",13,1,12,"All","All","All",13,108.333333333333
"Kolkata Knight Riders","Laxmi Shukla",374,24,312,"All","All","All",15.5833333333333,119.871794871795
"Kolkata Knight Riders","Lockie Ferguson",61,0,40,"All","All","All",Inf,152.5
"Kolkata Knight Riders","Mandeep Singh",4,2,11,"All","All","All",2,36.3636363636364
"Kolkata Knight Riders","Manish Pandey",1270,40,1015,"All","All","All",31.75,125.12315270936
"Kolkata Knight Riders","Manoj Tiwary",1002,34,897,"All","All","All",29.4705882352941,111.705685618729
"Kolkata Knight Riders","Manvinder Bisla",543,26,494,"All","All","All",20.8846153846154,109.919028340081
"Kolkata Knight Riders","Mark Boucher",6,1,6,"All","All","All",6,100
"Kolkata Knight Riders","Mashrafe Mortaza",2,0,2,"All","All","All",Inf,100
"Kolkata Knight Riders","Mitchell Johnson",16,0,11,"All","All","All",Inf,145.454545454545
"Kolkata Knight Riders","Mohammad Hafeez",64,7,83,"All","All","All",9.14285714285714,77.1084337349398
"Kolkata Knight Riders","Mohammed Shami",5,1,10,"All","All","All",5,50
"Kolkata Knight Riders","Moises Henriques",38,2,40,"All","All","All",19,95
"Kolkata Knight Riders","Morne Morkel",9,0,7,"All","All","All",Inf,128.571428571429
"Kolkata Knight Riders","Morne van Wyk",167,3,132,"All","All","All",55.6666666666667,126.515151515152
"Kolkata Knight Riders","Murali Kartik",73,5,69,"All","All","All",14.6,105.797101449275
"Kolkata Knight Riders","Nathan Coulter-Nile",14,3,12,"All","All","All",4.66666666666667,116.666666666667
"Kolkata Knight Riders","Nikhil Naik",8,2,19,"All","All","All",4,42.1052631578947
"Kolkata Knight Riders","Nitish Rana",1744,63,1286,"All","All","All",27.6825396825397,135.614307931571
"Kolkata Knight Riders","Owais Shah",115,2,95,"All","All","All",57.5,121.052631578947
"Kolkata Knight Riders","Paras Dogra",5,1,8,"All","All","All",5,62.5
"Kolkata Knight Riders","Pat Cummins",302,15,196,"All","All","All",20.1333333333333,154.081632653061
"Kolkata Knight Riders","Piyush Chawla",183,18,169,"All","All","All",10.1666666666667,108.284023668639
"Kolkata Knight Riders","Pradeep Sangwan",4,0,2,"All","All","All",Inf,200
"Kolkata Knight Riders","Prasidh Krishna",3,2,12,"All","All","All",1.5,25
"Kolkata Knight Riders","Prithvi Raj",0,0,1,"All","All","All",NA,0
"Kolkata Knight Riders","Rahul Tripathi",627,24,464,"All","All","All",26.125,135.129310344828
"Kolkata Knight Riders","Rajagopal Sathish",24,3,24,"All","All","All",8,100
"Kolkata Knight Riders","Rajat Bhatia",159,12,130,"All","All","All",13.25,122.307692307692
"Kolkata Knight Riders","Rasikh Salam",7,1,6,"All","All","All",7,116.666666666667
"Kolkata Knight Riders","Ricky Ponting",39,4,53,"All","All","All",9.75,73.5849056603774
"Kolkata Knight Riders","Rinku Singh",251,12,193,"All","All","All",20.9166666666667,130.051813471503
"Kolkata Knight Riders","Robin Uthappa",2439,80,1790,"All","All","All",30.4875,136.256983240223
"Kolkata Knight Riders","Rohan Gavaskar",2,1,8,"All","All","All",2,25
"Kolkata Knight Riders","Ryan McLaren",3,2,6,"All","All","All",1.5,50
"Kolkata Knight Riders","Ryan ten Doeschate",326,14,235,"All","All","All",23.2857142857143,138.723404255319
"Kolkata Knight Riders","Sachithra Senanayake",10,1,17,"All","All","All",10,58.8235294117647
"Kolkata Knight Riders","Salman Butt",193,7,161,"All","All","All",27.5714285714286,119.875776397516
"Kolkata Knight Riders","Sam Billings",169,7,138,"All","All","All",24.1428571428571,122.463768115942
"Kolkata Knight Riders","Sanjay Bangar",2,1,9,"All","All","All",2,22.2222222222222
"Kolkata Knight Riders","Shakib Al Hasan",545,28,430,"All","All","All",19.4642857142857,126.744186046512
"Kolkata Knight Riders","Shane Bond",1,1,2,"All","All","All",1,50
"Kolkata Knight Riders","Sheldon Jackson",61,6,57,"All","All","All",10.1666666666667,107.017543859649
"Kolkata Knight Riders","Shivam Mavi",51,9,56,"All","All","All",5.66666666666667,91.0714285714286
"Kolkata Knight Riders","Shoaib Akhtar",2,1,7,"All","All","All",2,28.5714285714286
"Kolkata Knight Riders","Shoaib Shaikh",6,1,7,"All","All","All",6,85.7142857142857
"Kolkata Knight Riders","Shreevats Goswami",29,4,29,"All","All","All",7.25,100
"Kolkata Knight Riders","Shreyas Iyer",401,13,298,"All","All","All",30.8461538461538,134.563758389262
"Kolkata Knight Riders","Shubman Gill",1417,45,1152,"All","All","All",31.4888888888889,123.003472222222
"Kolkata Knight Riders","Sourav Ganguly",1031,36,933,"All","All","All",28.6388888888889,110.503751339764
"Kolkata Knight Riders","Sumit Narwal",23,1,15,"All","All","All",23,153.333333333333
"Kolkata Knight Riders","Sunil Narine",1025,67,630,"All","All","All",15.2985074626866,162.698412698413
"Kolkata Knight Riders","Suryakumar Yadav",608,27,461,"All","All","All",22.5185185185185,131.887201735358
"Kolkata Knight Riders","Tatenda Taibu",31,3,26,"All","All","All",10.3333333333333,119.230769230769
"Kolkata Knight Riders","Tim Seifert",2,1,4,"All","All","All",2,50
"Kolkata Knight Riders","Tim Southee",5,5,17,"All","All","All",1,29.4117647058824
"Kolkata Knight Riders","Tom Banton",18,2,20,"All","All","All",9,90
"Kolkata Knight Riders","Tom Curran",23,3,28,"All","All","All",7.66666666666667,82.1428571428571
"Kolkata Knight Riders","Trent Boult",5,0,8,"All","All","All",Inf,62.5
"Kolkata Knight Riders","Umar Gul",39,3,19,"All","All","All",13,205.263157894737
"Kolkata Knight Riders","Umesh Yadav",105,7,76,"All","All","All",15,138.157894736842
"Kolkata Knight Riders","Varun Chakravarthy",24,3,37,"All","All","All",8,64.8648648648649
"Kolkata Knight Riders","Venkatesh Iyer",552,20,457,"All","All","All",27.6,120.787746170678
"Kolkata Knight Riders","Vinay Kumar",10,2,9,"All","All","All",5,111.111111111111
"Kolkata Knight Riders","Wriddhiman Saha",298,11,213,"All","All","All",27.0909090909091,139.906103286385
"Kolkata Knight Riders","Yashpal Singh",47,4,66,"All","All","All",11.75,71.2121212121212
"Kolkata Knight Riders","Yusuf Pathan",1893,60,1369,"All","All","All",31.55,138.27611395179
"Lucknow Super Giants","Avesh Khan",22,1,13,"All","All","All",22,169.230769230769
"Lucknow Super Giants","Ayush Badoni",161,8,130,"All","All","All",20.125,123.846153846154
"Lucknow Super Giants","Deepak Hooda",451,14,330,"All","All","All",32.2142857142857,136.666666666667
"Lucknow Super Giants","Dushmantha Chameera",43,4,28,"All","All","All",10.75,153.571428571429
"Lucknow Super Giants","Evin Lewis",73,3,56,"All","All","All",24.3333333333333,130.357142857143
"Lucknow Super Giants","Jason Holder",58,6,44,"All","All","All",9.66666666666667,131.818181818182
"Lucknow Super Giants","KL Rahul",616,11,455,"All","All","All",56,135.384615384615
"Lucknow Super Giants","Karan Sharma",4,1,4,"All","All","All",4,100
"Lucknow Super Giants","Krishnappa Gowtham",0,1,1,"All","All","All",0,0
"Lucknow Super Giants","Krunal Pandya",183,9,145,"All","All","All",20.3333333333333,126.206896551724
"Lucknow Super Giants","Manan Vohra",19,1,11,"All","All","All",19,172.727272727273
"Lucknow Super Giants","Manish Pandey",88,6,80,"All","All","All",14.6666666666667,110
"Lucknow Super Giants","Marcus Stoinis",156,8,106,"All","All","All",19.5,147.169811320755
"Lucknow Super Giants","Mohsin Khan",23,1,16,"All","All","All",23,143.75
"Lucknow Super Giants","Quinton de Kock",508,14,341,"All","All","All",36.2857142857143,148.973607038123
"Lucknow Super Giants","Ravi Bishnoi",0,0,1,"All","All","All",NA,0
"Mumbai Indians","Aaron Finch",23,2,33,"All","All","All",11.5,69.6969696969697
"Mumbai Indians","Abhishek Nayar",457,19,341,"All","All","All",24.0526315789474,134.017595307918
"Mumbai Indians","Abu Nechim",22,0,20,"All","All","All",Inf,110
"Mumbai Indians","Adam Milne",16,2,17,"All","All","All",8,94.1176470588235
"Mumbai Indians","Aditya Tare",313,19,235,"All","All","All",16.4736842105263,133.191489361702
"Mumbai Indians","Aiden Blizzard",120,7,90,"All","All","All",17.1428571428571,133.333333333333
"Mumbai Indians","Ajinkya Rahane",148,8,140,"All","All","All",18.5,105.714285714286
"Mumbai Indians","Akila Dananjaya",4,0,5,"All","All","All",Inf,80
"Mumbai Indians","Ali Murtaza",2,0,5,"All","All","All",Inf,40
"Mumbai Indians","Alzarri Joseph",15,0,13,"All","All","All",Inf,115.384615384615
"Mumbai Indians","Ambati Rayudu",2416,87,1915,"All","All","All",27.7701149425287,126.161879895561
"Mumbai Indians","Andrew Symonds",135,4,138,"All","All","All",33.75,97.8260869565217
"Mumbai Indians","Anmolpreet Singh",29,3,27,"All","All","All",9.66666666666667,107.407407407407
"Mumbai Indians","Ashish Nehra",3,1,13,"All","All","All",3,23.0769230769231
"Mumbai Indians","Barinder Sran",3,0,3,"All","All","All",Inf,100
"Mumbai Indians","Ben Cutting",114,6,75,"All","All","All",19,152
"Mumbai Indians","Ben Dunk",40,3,35,"All","All","All",13.3333333333333,114.285714285714
"Mumbai Indians","Chandan Madan",15,1,19,"All","All","All",15,78.9473684210526
"Mumbai Indians","Chetanya Nanda",0,1,1,"All","All","All",0,0
"Mumbai Indians","Chidhambaram Gautam",121,7,111,"All","All","All",17.2857142857143,109.009009009009
"Mumbai Indians","Chris Lynn",49,1,35,"All","All","All",49,140
"Mumbai Indians","Clint McKay",8,1,15,"All","All","All",8,53.3333333333333
"Mumbai Indians","Corey Anderson",379,12,278,"All","All","All",31.5833333333333,136.330935251799
"Mumbai Indians","Daniel Sams",38,7,36,"All","All","All",5.42857142857143,105.555555555556
"Mumbai Indians","Davy Jacobs",92,7,98,"All","All","All",13.1428571428571,93.8775510204082
"Mumbai Indians","Dewald Brevis",161,7,113,"All","All","All",23,142.477876106195
"Mumbai Indians","Dhawal Kulkarni",26,3,44,"All","All","All",8.66666666666667,59.0909090909091
"Mumbai Indians","Dilhara Fernando",4,0,3,"All","All","All",Inf,133.333333333333
"Mumbai Indians","Dinesh Karthik",748,31,624,"All","All","All",24.1290322580645,119.871794871795
"Mumbai Indians","Dominic Thornely",39,2,53,"All","All","All",19.5,73.5849056603774
"Mumbai Indians","Dwayne Bravo",457,21,390,"All","All","All",21.7619047619048,117.179487179487
"Mumbai Indians","Dwayne Smith",620,20,479,"All","All","All",31,129.436325678497
"Mumbai Indians","Evin Lewis",430,16,328,"All","All","All",26.875,131.09756097561
"Mumbai Indians","Fabian Allen",8,1,7,"All","All","All",8,114.285714285714
"Mumbai Indians","Glenn Maxwell",36,2,27,"All","All","All",18,133.333333333333
"Mumbai Indians","Graham Napier",15,1,16,"All","All","All",15,93.75
"Mumbai Indians","Harbhajan Singh",799,48,561,"All","All","All",16.6458333333333,142.424242424242
"Mumbai Indians","Hardik Pandya",1476,54,959,"All","All","All",27.3333333333333,153.910323253389
"Mumbai Indians","Herschelle Gibbs",81,2,88,"All","All","All",40.5,92.0454545454545
"Mumbai Indians","Hrithik Shokeen",43,2,48,"All","All","All",21.5,89.5833333333333
"Mumbai Indians","Ishan Kishan",1551,49,1166,"All","All","All",31.6530612244898,133.018867924528
"Mumbai Indians","Jagadeesha Suchith",48,1,32,"All","All","All",48,150
"Mumbai Indians","James Franklin",327,11,301,"All","All","All",29.7272727272727,108.637873754153
"Mumbai Indians","James Neesham",0,2,2,"All","All","All",0,0
"Mumbai Indians","James Pattinson",15,1,13,"All","All","All",15,115.384615384615
"Mumbai Indians","Jasprit Bumrah",56,6,66,"All","All","All",9.33333333333333,84.8484848484848
"Mumbai Indians","Jayant Yadav",34,2,26,"All","All","All",17,130.769230769231
"Mumbai Indians","Jaydev Unadkat",59,3,37,"All","All","All",19.6666666666667,159.459459459459
"Mumbai Indians","Jean-Paul Duminy",565,15,496,"All","All","All",37.6666666666667,113.911290322581
"Mumbai Indians","Jos Buttler",527,21,361,"All","All","All",25.0952380952381,145.983379501385
"Mumbai Indians","Karn Sharma",49,6,41,"All","All","All",8.16666666666667,119.512195121951
"Mumbai Indians","Kieron Pollard",3412,119,2316,"All","All","All",28.672268907563,147.322970639033
"Mumbai Indians","Krunal Pandya",1143,50,825,"All","All","All",22.86,138.545454545455
"Mumbai Indians","Kumar Kartikeya",3,1,5,"All","All","All",3,60
"Mumbai Indians","Lasith Malinga",88,14,99,"All","All","All",6.28571428571429,88.8888888888889
"Mumbai Indians","Lendl Simmons",1079,27,852,"All","All","All",39.962962962963,126.643192488263
"Mumbai Indians","Luke Ronchi",34,5,34,"All","All","All",6.8,100
"Mumbai Indians","Manish Pandey",3,2,9,"All","All","All",1.5,33.3333333333333
"Mumbai Indians","Marchant de Lange",1,1,2,"All","All","All",1,50
"Mumbai Indians","Marco Jansen",0,2,3,"All","All","All",0,0
"Mumbai Indians","Martin Guptill",57,3,55,"All","All","All",19,103.636363636364
"Mumbai Indians","Mayank Markande",27,3,29,"All","All","All",9,93.1034482758621
"Mumbai Indians","Michael Hussey",209,9,182,"All","All","All",23.2222222222222,114.835164835165
"Mumbai Indians","Mitchell Johnson",59,4,53,"All","All","All",14.75,111.320754716981
"Mumbai Indians","Mitchell McClenaghan",85,13,70,"All","All","All",6.53846153846154,121.428571428571
"Mumbai Indians","Mohammad Ashraful",2,1,10,"All","All","All",2,20
"Mumbai Indians","Munaf Patel",2,1,8,"All","All","All",2,25
"Mumbai Indians","Murugan Ashwin",12,3,14,"All","All","All",4,85.7142857142857
"Mumbai Indians","Musavir Khote",24,2,22,"All","All","All",12,109.090909090909
"Mumbai Indians","Mustafizur Rahman",1,1,3,"All","All","All",1,33.3333333333333
"Mumbai Indians","Nathan Coulter-Nile",38,4,26,"All","All","All",9.5,146.153846153846
"Mumbai Indians","Nitish Rana",437,14,339,"All","All","All",31.2142857142857,128.908554572271
"Mumbai Indians","Parthiv Patel",911,39,691,"All","All","All",23.3589743589744,131.837916063676
"Mumbai Indians","Pinal Shah",87,7,86,"All","All","All",12.4285714285714,101.162790697674
"Mumbai Indians","Piyush Chawla",0,1,2,"All","All","All",0,0
"Mumbai Indians","Pradeep Sangwan",0,1,4,"All","All","All",0,0
"Mumbai Indians","Pragyan Ojha",10,4,26,"All","All","All",2.5,38.4615384615385
"Mumbai Indians","Praveen Kumar",1,1,2,"All","All","All",1,50
"Mumbai Indians","Quinton de Kock",1329,39,1012,"All","All","All",34.0769230769231,131.324110671937
"Mumbai Indians","RP Singh",6,2,12,"All","All","All",3,50
"Mumbai Indians","Rahul Chahar",28,6,30,"All","All","All",4.66666666666667,93.3333333333333
"Mumbai Indians","Rajagopal Sathish",137,9,130,"All","All","All",15.2222222222222,105.384615384615
"Mumbai Indians","Ramandeep Singh",45,2,40,"All","All","All",22.5,112.5
"Mumbai Indians","Rasikh Salam",5,0,4,"All","All","All",Inf,125
"Mumbai Indians","Richard Levi",83,6,73,"All","All","All",13.8333333333333,113.698630136986
"Mumbai Indians","Ricky Ponting",52,5,75,"All","All","All",10.4,69.3333333333333
"Mumbai Indians","Riley Meredith",0,0,1,"All","All","All",NA,0
"Mumbai Indians","Rishi Dhawan",21,3,21,"All","All","All",7,100
"Mumbai Indians","Robin Peterson",32,3,30,"All","All","All",10.6666666666667,106.666666666667
"Mumbai Indians","Robin Uthappa",320,9,279,"All","All","All",35.5555555555556,114.695340501792
"Mumbai Indians","Rohan Raje",20,1,18,"All","All","All",20,111.111111111111
"Mumbai Indians","Rohit Sharma",4709,155,3636,"All","All","All",30.3806451612903,129.510451045105
"Mumbai Indians","Ryan McLaren",66,3,69,"All","All","All",22,95.6521739130435
"Mumbai Indians","Sachin Tendulkar",2334,67,1948,"All","All","All",34.8358208955224,119.815195071869
"Mumbai Indians","Sanath Jayasuriya",768,28,532,"All","All","All",27.4285714285714,144.360902255639
"Mumbai Indians","Sanjay Yadav",0,1,2,"All","All","All",0,0
"Mumbai Indians","Saurabh Tiwary",728,25,561,"All","All","All",29.12,129.768270944742
"Mumbai Indians","Shaun Pollock",147,8,111,"All","All","All",18.375,132.432432432432
"Mumbai Indians","Shikhar Dhawan",231,14,215,"All","All","All",16.5,107.441860465116
"Mumbai Indians","Shreyas Gopal",14,2,27,"All","All","All",7,51.8518518518518
"Mumbai Indians","Siddharth Chitnis",18,2,10,"All","All","All",9,180
"Mumbai Indians","Siddhesh Lad",15,1,13,"All","All","All",15,115.384615384615
"Mumbai Indians","Stuart Binny",8,1,5,"All","All","All",8,160
"Mumbai Indians","Suryakumar Yadav",2036,61,1472,"All","All","All",33.3770491803279,138.315217391304
"Mumbai Indians","Thisara Perera",4,1,9,"All","All","All",4,44.4444444444444
"Mumbai Indians","Tilak Varma",397,11,303,"All","All","All",36.0909090909091,131.023102310231
"Mumbai Indians","Tim David",186,5,86,"All","All","All",37.2,216.279069767442
"Mumbai Indians","Tim Southee",37,4,22,"All","All","All",9.25,168.181818181818
"Mumbai Indians","Tirumalasetti Suman",80,8,70,"All","All","All",10,114.285714285714
"Mumbai Indians","Trent Boult",1,1,5,"All","All","All",1,20
"Mumbai Indians","Tristan Stubbs",2,2,4,"All","All","All",1,50
"Mumbai Indians","Tymal Mills",0,1,3,"All","All","All",0,0
"Mumbai Indians","Unmukt Chand",102,6,87,"All","All","All",17,117.241379310345
"Mumbai Indians","Vikrant Yeligati",2,1,2,"All","All","All",2,100
"Mumbai Indians","Vinay Kumar",13,2,14,"All","All","All",6.5,92.8571428571429
"Mumbai Indians","Yogesh Takawale",88,3,87,"All","All","All",29.3333333333333,101.149425287356
"Mumbai Indians","Yuvraj Singh",98,4,75,"All","All","All",24.5,130.666666666667
"Mumbai Indians","Zaheer Khan",40,3,31,"All","All","All",13.3333333333333,129.032258064516
"Pune Warriors","Aaron Finch",456,14,336,"All","All","All",32.5714285714286,135.714285714286
"Pune Warriors","Abhishek Jhunjhunwala",10,2,18,"All","All","All",5,55.5555555555556
"Pune Warriors","Abhishek Nayar",66,6,73,"All","All","All",11,90.4109589041096
"Pune Warriors","Ajantha Mendis",2,1,4,"All","All","All",2,50
"Pune Warriors","Alfonso Thomas",20,2,19,"All","All","All",10,105.263157894737
"Pune Warriors","Ali Murtaza",8,1,9,"All","All","All",8,88.8888888888889
"Pune Warriors","Angelo Mathews",299,14,247,"All","All","All",21.3571428571429,121.052631578947
"Pune Warriors","Anustup Majumdar",87,4,76,"All","All","All",21.75,114.473684210526
"Pune Warriors","Ashish Nehra",11,0,12,"All","All","All",Inf,91.6666666666667
"Pune Warriors","Ashok Dinda",11,3,16,"All","All","All",3.66666666666667,68.75
"Pune Warriors","Bhuvneshwar Kumar",93,10,112,"All","All","All",9.3,83.0357142857143
"Pune Warriors","Callum Ferguson",98,6,117,"All","All","All",16.3333333333333,83.7606837606838
"Pune Warriors","Graeme Smith",42,4,51,"All","All","All",10.5,82.3529411764706
"Pune Warriors","Harpreet Singh",20,2,26,"All","All","All",10,76.9230769230769
"Pune Warriors","Ishwar Pandey",0,1,2,"All","All","All",0,0
"Pune Warriors","Jerome Taylor",3,1,3,"All","All","All",3,100
"Pune Warriors","Jesse Ryder",548,23,409,"All","All","All",23.8260869565217,133.98533007335
"Pune Warriors","Kane Richardson",34,2,36,"All","All","All",17,94.4444444444444
"Pune Warriors","Krishnakant Upadhyay",12,0,9,"All","All","All",Inf,133.333333333333
"Pune Warriors","Luke Wright",106,5,60,"All","All","All",21.2,176.666666666667
"Pune Warriors","Mahesh Rawat",5,1,11,"All","All","All",5,45.4545454545455
"Pune Warriors","Manish Pandey",525,22,476,"All","All","All",23.8636363636364,110.294117647059
"Pune Warriors","Marlon Samuels",132,9,141,"All","All","All",14.6666666666667,93.6170212765958
"Pune Warriors","Michael Clarke",98,6,94,"All","All","All",16.3333333333333,104.255319148936
"Pune Warriors","Mitchell Marsh",190,9,155,"All","All","All",21.1111111111111,122.58064516129
"Pune Warriors","Mithun Manhas",247,14,236,"All","All","All",17.6428571428571,104.661016949153
"Pune Warriors","Mohnish Mishra",71,5,64,"All","All","All",14.2,110.9375
"Pune Warriors","Murali Kartik",38,1,36,"All","All","All",38,105.555555555556
"Pune Warriors","Nathan McCullum",26,1,22,"All","All","All",26,118.181818181818
"Pune Warriors","Parvez Rasool",5,1,9,"All","All","All",5,55.5555555555556
"Pune Warriors","Rahul Sharma",37,10,49,"All","All","All",3.7,75.5102040816327
"Pune Warriors","Raiphi Gomez",4,0,1,"All","All","All",Inf,400
"Pune Warriors","Robin Uthappa",1103,41,923,"All","All","All",26.9024390243902,119.501625135428
"Pune Warriors","Ross Taylor",63,5,76,"All","All","All",12.6,82.8947368421053
"Pune Warriors","Sachin Rana",18,1,16,"All","All","All",18,112.5
"Pune Warriors","Shrikant Wagh",2,2,3,"All","All","All",1,66.6666666666667
"Pune Warriors","Sourav Ganguly",318,17,330,"All","All","All",18.7058823529412,96.3636363636364
"Pune Warriors","Steven Smith",521,13,399,"All","All","All",40.0769230769231,130.576441102757
"Pune Warriors","Tim Paine",10,2,26,"All","All","All",5,38.4615384615385
"Pune Warriors","Tirumalasetti Suman",52,5,58,"All","All","All",10.4,89.6551724137931
"Pune Warriors","Udit Birla",7,1,14,"All","All","All",7,50
"Pune Warriors","Wayne Parnell",61,8,73,"All","All","All",7.625,83.5616438356164
"Pune Warriors","Yuvraj Singh",581,22,451,"All","All","All",26.4090909090909,128.824833702883
"Punjab Kings","Aaron Finch",134,8,100,"All","All","All",16.75,134
"Punjab Kings","Abhishek Nayar",106,10,116,"All","All","All",10.6,91.3793103448276
"Punjab Kings","Adam Gilchrist",849,31,667,"All","All","All",27.3870967741935,127.286356821589
"Punjab Kings","Adrian Barath",42,2,42,"All","All","All",21,100
"Punjab Kings","Aiden Markram",146,5,119,"All","All","All",29.2,122.689075630252
"Punjab Kings","Akshdeep Nath",9,1,13,"All","All","All",9,69.2307692307692
"Punjab Kings","Andrew Tye",32,6,40,"All","All","All",5.33333333333333,80
"Punjab Kings","Ankit Rajpoot",11,3,18,"All","All","All",3.66666666666667,61.1111111111111
"Punjab Kings","Anureet Singh",33,4,43,"All","All","All",8.25,76.7441860465116
"Punjab Kings","Arshdeep Singh",23,4,35,"All","All","All",5.75,65.7142857142857
"Punjab Kings","Axar Patel",686,36,542,"All","All","All",19.0555555555556,126.568265682657
"Punjab Kings","Azhar Mahmood",382,18,296,"All","All","All",21.2222222222222,129.054054054054
"Punjab Kings","Barinder Sran",3,1,7,"All","All","All",3,42.8571428571429
"Punjab Kings","Beuran Hendricks",1,1,3,"All","All","All",1,33.3333333333333
"Punjab Kings","Bhanuka Rajapaksa",206,9,129,"All","All","All",22.8888888888889,159.68992248062
"Punjab Kings","Bhargav Bhatt",6,1,7,"All","All","All",6,85.7142857142857
"Punjab Kings","Bipul Sharma",104,4,72,"All","All","All",26,144.444444444444
"Punjab Kings","Brett Lee",56,4,56,"All","All","All",14,100
"Punjab Kings","Cheteshwar Pujara",125,5,124,"All","All","All",25,100.806451612903
"Punjab Kings","Chris Gayle",1339,37,935,"All","All","All",36.1891891891892,143.208556149733
"Punjab Kings","Chris Jordan",61,5,52,"All","All","All",12.2,117.307692307692
"Punjab Kings","David Hussey",695,28,577,"All","All","All",24.8214285714286,120.450606585789
"Punjab Kings","David Miller",1850,54,1333,"All","All","All",34.2592592592593,138.784696174044
"Punjab Kings","Dawid Malan",26,1,26,"All","All","All",26,100
"Punjab Kings","Deepak Hooda",261,11,194,"All","All","All",23.7272727272727,134.536082474227
"Punjab Kings","Dimitri Mascarenhas",19,3,21,"All","All","All",6.33333333333333,90.4761904761905
"Punjab Kings","Dinesh Karthik",282,11,220,"All","All","All",25.6363636363636,128.181818181818
"Punjab Kings","Eoin Morgan",65,4,62,"All","All","All",16.25,104.838709677419
"Punjab Kings","Fabian Allen",6,1,12,"All","All","All",6,50
"Punjab Kings","Farhaan Behardien",14,2,13,"All","All","All",7,107.692307692308
"Punjab Kings","George Bailey",516,20,380,"All","All","All",25.8,135.789473684211
"Punjab Kings","Glenn Maxwell",1294,53,815,"All","All","All",24.4150943396226,158.773006134969
"Punjab Kings","Gurkeerat Singh Mann",342,21,272,"All","All","All",16.2857142857143,125.735294117647
"Punjab Kings","Hardus Viljoen",3,2,7,"All","All","All",1.5,42.8571428571429
"Punjab Kings","Harmeet Singh",18,2,11,"All","All","All",9,163.636363636364
"Punjab Kings","Harpreet Brar",106,3,95,"All","All","All",35.3333333333333,111.578947368421
"Punjab Kings","Hashim Amla",577,13,407,"All","All","All",44.3846153846154,141.769041769042
"Punjab Kings","Irfan Pathan",603,24,460,"All","All","All",25.125,131.086956521739
"Punjab Kings","Ishant Sharma",8,2,12,"All","All","All",4,66.6666666666667
"Punjab Kings","James Faulkner",14,1,13,"All","All","All",14,107.692307692308
"Punjab Kings","James Hopes",221,11,148,"All","All","All",20.0909090909091,149.324324324324
"Punjab Kings","James Neesham",19,2,18,"All","All","All",9.5,105.555555555556
"Punjab Kings","Jhye Richardson",15,2,24,"All","All","All",7.5,62.5
"Punjab Kings","Jitesh Sharma",234,8,143,"All","All","All",29.25,163.636363636364
"Punjab Kings","Jonny Bairstow",253,11,175,"All","All","All",23,144.571428571429
"Punjab Kings","KC Cariappa",15,3,18,"All","All","All",5,83.3333333333333
"Punjab Kings","KL Rahul",2548,45,1823,"All","All","All",56.6222222222222,139.76961053209
"Punjab Kings","Kagiso Rabada",48,5,43,"All","All","All",9.6,111.627906976744
"Punjab Kings","Karan Goel",218,14,231,"All","All","All",15.5714285714286,94.3722943722944
"Punjab Kings","Karanveer Singh",12,1,17,"All","All","All",12,70.5882352941177
"Punjab Kings","Karun Nair",322,15,241,"All","All","All",21.4666666666667,133.609958506224
"Punjab Kings","Krishnappa Gowtham",42,1,27,"All","All","All",42,155.555555555556
"Punjab Kings","Kumar Sangakkara",1009,32,779,"All","All","All",31.53125,129.525032092426
"Punjab Kings","Kyle Abbott",13,1,8,"All","All","All",13,162.5
"Punjab Kings","Lakshmipathy Balaji",1,1,3,"All","All","All",1,33.3333333333333
"Punjab Kings","Liam Livingstone",437,12,240,"All","All","All",36.4166666666667,182.083333333333
"Punjab Kings","Love Ablish",0,0,2,"All","All","All",NA,0
"Punjab Kings","Luke Pomersbach",251,7,207,"All","All","All",35.8571428571429,121.256038647343
"Punjab Kings","M Shahrukh Khan",270,14,222,"All","All","All",19.2857142857143,121.621621621622
"Punjab Kings","Mahela Jayawardene",837,23,594,"All","All","All",36.3913043478261,140.909090909091
"Punjab Kings","Manan Vohra",957,39,721,"All","All","All",24.5384615384615,132.732316227462
"Punjab Kings","Mandeep Singh",1073,47,875,"All","All","All",22.8297872340426,122.628571428571
"Punjab Kings","Manoj Tiwary",47,3,44,"All","All","All",15.6666666666667,106.818181818182
"Punjab Kings","Manpreet Gony",45,3,25,"All","All","All",15,180
"Punjab Kings","Manvinder Bisla",218,10,178,"All","All","All",21.8,122.47191011236
"Punjab Kings","Marcus Stoinis",262,11,208,"All","All","All",23.8181818181818,125.961538461538
"Punjab Kings","Martin Guptill",132,6,88,"All","All","All",22,150
"Punjab Kings","Mayank Agarwal",1513,57,1073,"All","All","All",26.5438596491228,141.006523765144
"Punjab Kings","Mitchell Johnson",92,9,100,"All","All","All",10.2222222222222,92
"Punjab Kings","Mohammad Kaif",28,3,30,"All","All","All",9.33333333333333,93.3333333333333
"Punjab Kings","Mohammed Shami",16,3,22,"All","All","All",5.33333333333333,72.7272727272727
"Punjab Kings","Mohit Sharma",93,11,89,"All","All","All",8.45454545454546,104.494382022472
"Punjab Kings","Moises Henriques",31,2,32,"All","All","All",15.5,96.875
"Punjab Kings","Mujeeb Ur Rahman",11,3,14,"All","All","All",3.66666666666667,78.5714285714286
"Punjab Kings","Murali Vijay",704,24,592,"All","All","All",29.3333333333333,118.918918918919
"Punjab Kings","Murugan Ashwin",22,4,33,"All","All","All",5.5,66.6666666666667
"Punjab Kings","Nathan Ellis",18,2,18,"All","All","All",9,100
"Punjab Kings","Nathan Rimmington",1,0,1,"All","All","All",Inf,100
"Punjab Kings","Nicholas Pooran",606,26,391,"All","All","All",23.3076923076923,154.987212276215
"Punjab Kings","Nikhil Naik",23,2,31,"All","All","All",11.5,74.1935483870968
"Punjab Kings","Nitin Saini",140,10,141,"All","All","All",14,99.290780141844
"Punjab Kings","Odean Smith",51,3,44,"All","All","All",17,115.909090909091
"Punjab Kings","Paras Dogra",15,2,24,"All","All","All",7.5,62.5
"Punjab Kings","Pardeep Sahu",19,1,13,"All","All","All",19,146.153846153846
"Punjab Kings","Parvinder Awana",5,2,14,"All","All","All",2.5,35.7142857142857
"Punjab Kings","Paul Valthaty",499,20,406,"All","All","All",24.95,122.906403940887
"Punjab Kings","Piyush Chawla",401,29,355,"All","All","All",13.8275862068966,112.957746478873
"Punjab Kings","Prabhsimran Singh",64,6,66,"All","All","All",10.6666666666667,96.969696969697
"Punjab Kings","Praveen Kumar",109,12,100,"All","All","All",9.08333333333333,109
"Punjab Kings","Prerak Mankad",4,0,1,"All","All","All",Inf,400
"Punjab Kings","Rahul Chahar",77,6,68,"All","All","All",12.8333333333333,113.235294117647
"Punjab Kings","Rahul Tewatia",19,1,11,"All","All","All",19,172.727272727273
"Punjab Kings","Raj Bawa",11,2,14,"All","All","All",5.5,78.5714285714286
"Punjab Kings","Rajagopal Sathish",109,5,77,"All","All","All",21.8,141.558441558442
"Punjab Kings","Ramesh Powar",56,2,51,"All","All","All",28,109.803921568627
"Punjab Kings","Ramnaresh Sarwan",73,4,75,"All","All","All",18.25,97.3333333333333
"Punjab Kings","Ravi Bishnoi",8,2,16,"All","All","All",4,50
"Punjab Kings","Ravi Bopara",386,13,333,"All","All","All",29.6923076923077,115.915915915916
"Punjab Kings","Ravichandran Ashwin",144,13,99,"All","All","All",11.0769230769231,145.454545454545
"Punjab Kings","Reetinder Sodhi",4,0,2,"All","All","All",Inf,200
"Punjab Kings","Rishi Dhawan",169,6,154,"All","All","All",28.1666666666667,109.74025974026
"Punjab Kings","Rusty Theron",2,2,5,"All","All","All",1,40
"Punjab Kings","Ryan Harris",51,7,55,"All","All","All",7.28571428571429,92.7272727272727
"Punjab Kings","Ryan McLaren",90,3,96,"All","All","All",30,93.75
"Punjab Kings","Sam Curran",95,4,55,"All","All","All",23.75,172.727272727273
"Punjab Kings","Sandeep Sharma",26,1,35,"All","All","All",26,74.2857142857143
"Punjab Kings","Sarfaraz Khan",213,8,176,"All","All","All",26.625,121.022727272727
"Punjab Kings","Shalabh Srivastava",5,1,5,"All","All","All",5,100
"Punjab Kings","Shardul Thakur",7,0,6,"All","All","All",Inf,116.666666666667
"Punjab Kings","Shaun Marsh",2477,62,1866,"All","All","All",39.9516129032258,132.743837084673
"Punjab Kings","Sheldon Cottrell",0,1,2,"All","All","All",0,0
"Punjab Kings","Shikhar Dhawan",460,12,375,"All","All","All",38.3333333333333,122.666666666667
"Punjab Kings","Shivam Sharma",5,1,3,"All","All","All",5,166.666666666667
"Punjab Kings","Siddharth Chitnis",75,4,71,"All","All","All",18.75,105.633802816901
"Punjab Kings","Simon Katich",241,10,186,"All","All","All",24.1,129.569892473118
"Punjab Kings","Sreesanth",32,1,42,"All","All","All",32,76.1904761904762
"Punjab Kings","Sunny Singh",43,4,31,"All","All","All",10.75,138.709677419355
"Punjab Kings","Sunny Sohal",119,10,101,"All","All","All",11.9,117.821782178218
"Punjab Kings","Swapnil Singh",12,3,20,"All","All","All",4,60
"Punjab Kings","Tanmay Srivastava",8,1,11,"All","All","All",8,72.7272727272727
"Punjab Kings","Taruwar Kohli",1,1,4,"All","All","All",1,25
"Punjab Kings","Thisara Perera",12,2,15,"All","All","All",6,80
"Punjab Kings","Uday Kaul",0,0,1,"All","All","All",NA,0
"Punjab Kings","Vaibhav Arora",5,2,13,"All","All","All",2.5,38.4615384615385
"Punjab Kings","Varun Aaron",4,1,10,"All","All","All",4,40
"Punjab Kings","Vikram Singh",4,2,3,"All","All","All",2,133.333333333333
"Punjab Kings","Vikramjeet Malik",6,1,5,"All","All","All",6,120
"Punjab Kings","Virender Sehwag",554,25,399,"All","All","All",22.16,138.847117794486
"Punjab Kings","Wilkin Mota",56,6,75,"All","All","All",9.33333333333333,74.6666666666667
"Punjab Kings","Wriddhiman Saha",1115,45,845,"All","All","All",24.7777777777778,131.952662721893
"Punjab Kings","Yusuf Abdulla",0,0,1,"All","All","All",NA,0
"Punjab Kings","Yuvraj Singh",959,43,750,"All","All","All",22.3023255813953,127.866666666667
"Rajasthan Royals","Aaron Finch",21,1,21,"All","All","All",21,100
"Rajasthan Royals","Abhishek Jhunjhunwala",183,9,166,"All","All","All",20.3333333333333,110.240963855422
"Rajasthan Royals","Abhishek Nayar",43,3,47,"All","All","All",14.3333333333333,91.4893617021277
"Rajasthan Royals","Abhishek Raut",194,9,167,"All","All","All",21.5555555555556,116.167664670659
"Rajasthan Royals","Adam Voges",181,4,143,"All","All","All",45.25,126.573426573427
"Rajasthan Royals","Aditya Dole",34,2,22,"All","All","All",17,154.545454545455
"Rajasthan Royals","Ajinkya Rahane",2810,82,2291,"All","All","All",34.2682926829268,122.653862941947
"Rajasthan Royals","Ajit Chandila",4,0,7,"All","All","All",Inf,57.1428571428571
"Rajasthan Royals","Amit Paunikar",49,5,58,"All","All","All",9.8,84.4827586206897
"Rajasthan Royals","Amit Singh",2,4,10,"All","All","All",0.5,20
"Rajasthan Royals","Amit Uniyal",4,1,7,"All","All","All",4,57.1428571428571
"Rajasthan Royals","Andrew Tye",6,1,6,"All","All","All",6,100
"Rajasthan Royals","Ankeet Chavan",12,2,11,"All","All","All",6,109.090909090909
"Rajasthan Royals","Ankit Rajpoot",9,1,10,"All","All","All",9,90
"Rajasthan Royals","Ankit Sharma",41,3,36,"All","All","All",13.6666666666667,113.888888888889
"Rajasthan Royals","Anuj Rawat",0,1,1,"All","All","All",0,0
"Rajasthan Royals","Anureet Singh",3,0,4,"All","All","All",Inf,75
"Rajasthan Royals","Ashok Menaria",401,21,356,"All","All","All",19.0952380952381,112.640449438202
"Rajasthan Royals","Ashton Turner",3,3,10,"All","All","All",1,30
"Rajasthan Royals","Ben Cutting",8,1,6,"All","All","All",8,133.333333333333
"Rajasthan Royals","Ben Laughlin",1,1,4,"All","All","All",1,25
"Rajasthan Royals","Ben Stokes",604,26,463,"All","All","All",23.2307692307692,130.453563714903
"Rajasthan Royals","Brad Hodge",639,18,465,"All","All","All",35.5,137.41935483871
"Rajasthan Royals","Brad Hogg",15,2,16,"All","All","All",7.5,93.75
"Rajasthan Royals","Chetan Sakariya",16,5,25,"All","All","All",3.2,64
"Rajasthan Royals","Chris Morris",143,7,95,"All","All","All",20.4285714285714,150.526315789474
"Rajasthan Royals","D'Arcy Short",115,7,99,"All","All","All",16.4285714285714,116.161616161616
"Rajasthan Royals","Damien Martyn",19,1,24,"All","All","All",19,79.1666666666667
"Rajasthan Royals","Darren Lehmann",18,2,18,"All","All","All",9,100
"Rajasthan Royals","Daryl Mitchell",33,2,44,"All","All","All",16.5,75
"Rajasthan Royals","David Miller",124,5,113,"All","All","All",24.8,109.734513274336
"Rajasthan Royals","Deepak Hooda",151,9,95,"All","All","All",16.7777777777778,158.947368421053
"Rajasthan Royals","Devdutt Padikkal",376,17,306,"All","All","All",22.1176470588235,122.875816993464
"Rajasthan Royals","Dhawal Kulkarni",50,3,46,"All","All","All",16.6666666666667,108.695652173913
"Rajasthan Royals","Dimitri Mascarenhas",60,6,57,"All","All","All",10,105.263157894737
"Rajasthan Royals","Dinesh Salunkhe",33,2,24,"All","All","All",16.5,137.5
"Rajasthan Royals","Dishant Yagnik",170,10,137,"All","All","All",17,124.087591240876
"Rajasthan Royals","Evin Lewis",151,5,93,"All","All","All",30.2,162.365591397849
"Rajasthan Royals","Faiz Fazal",183,10,173,"All","All","All",18.3,105.780346820809
"Rajasthan Royals","Glenn Phillips",26,2,33,"All","All","All",13,78.7878787878788
"Rajasthan Royals","Graeme Smith",697,22,617,"All","All","All",31.6818181818182,112.965964343598
"Rajasthan Royals","Heinrich Klaasen",57,3,47,"All","All","All",19,121.276595744681
"Rajasthan Royals","Ish Sodhi",7,2,17,"All","All","All",3.5,41.1764705882353
"Rajasthan Royals","Jacob Oram",0,1,3,"All","All","All",0,0
"Rajasthan Royals","James Faulkner",382,17,260,"All","All","All",22.4705882352941,146.923076923077
"Rajasthan Royals","James Neesham",31,2,27,"All","All","All",15.5,114.814814814815
"Rajasthan Royals","Jaydev Unadkat",100,8,83,"All","All","All",12.5,120.481927710843
"Rajasthan Royals","Jofra Archer",195,13,124,"All","All","All",15,157.258064516129
"Rajasthan Royals","Johan Botha",335,11,292,"All","All","All",30.4545454545455,114.72602739726
"Rajasthan Royals","Jos Buttler",2304,50,1530,"All","All","All",46.08,150.588235294118
"Rajasthan Royals","Kamran Akmal",128,5,78,"All","All","All",25.6,164.102564102564
"Rajasthan Royals","Kamran Khan",3,1,5,"All","All","All",3,60
"Rajasthan Royals","Kane Richardson",1,1,2,"All","All","All",1,50
"Rajasthan Royals","Kartik Tyagi",6,2,10,"All","All","All",3,60
"Rajasthan Royals","Karun Nair",527,23,395,"All","All","All",22.9130434782609,133.417721518987
"Rajasthan Royals","Kevon Cooper",116,9,68,"All","All","All",12.8888888888889,170.588235294118
"Rajasthan Royals","Krishnappa Gowtham",144,12,83,"All","All","All",12,173.493975903614
"Rajasthan Royals","Kuldeep Sen",0,0,3,"All","All","All",NA,0
"Rajasthan Royals","Kuldip Yadav",0,0,4,"All","All","All",NA,0
"Rajasthan Royals","Kusal Perera",14,2,13,"All","All","All",7,107.692307692308
"Rajasthan Royals","Lee Carseldine",81,4,68,"All","All","All",20.25,119.117647058824
"Rajasthan Royals","Liam Livingstone",112,8,89,"All","All","All",14,125.842696629213
"Rajasthan Royals","Mahesh Rawat",50,4,58,"All","All","All",12.5,86.2068965517241
"Rajasthan Royals","Mahipal Lomror",181,8,151,"All","All","All",22.625,119.867549668874
"Rajasthan Royals","Manan Vohra",42,4,39,"All","All","All",10.5,107.692307692308
"Rajasthan Royals","Michael Lumb",278,11,192,"All","All","All",25.2727272727273,144.791666666667
"Rajasthan Royals","Mohammad Kaif",176,11,171,"All","All","All",16,102.923976608187
"Rajasthan Royals","Morne Morkel",17,2,24,"All","All","All",8.5,70.8333333333333
"Rajasthan Royals","Munaf Patel",41,4,34,"All","All","All",10.25,120.588235294118
"Rajasthan Royals","Mustafizur Rahman",8,0,14,"All","All","All",Inf,57.1428571428571
"Rajasthan Royals","Naman Ojha",545,19,429,"All","All","All",28.6842105263158,127.039627039627
"Rajasthan Royals","Nathan Coulter-Nile",1,0,2,"All","All","All",Inf,50
"Rajasthan Royals","Navdeep Saini",2,1,2,"All","All","All",2,100
"Rajasthan Royals","Nayan Doshi",0,1,13,"All","All","All",0,0
"Rajasthan Royals","Niraj Patel",117,4,117,"All","All","All",29.25,100
"Rajasthan Royals","Obed McCoy",8,1,5,"All","All","All",8,160
"Rajasthan Royals","Owais Shah",365,11,279,"All","All","All",33.1818181818182,130.824372759857
"Rajasthan Royals","Pankaj Singh",5,0,8,"All","All","All",Inf,62.5
"Rajasthan Royals","Paras Dogra",107,8,106,"All","All","All",13.375,100.943396226415
"Rajasthan Royals","Paul Valthaty",6,2,12,"All","All","All",3,50
"Rajasthan Royals","Pinal Shah",5,1,5,"All","All","All",5,100
"Rajasthan Royals","Prashant Chopra",8,1,6,"All","All","All",8,133.333333333333
"Rajasthan Royals","Prasidh Krishna",6,1,12,"All","All","All",6,50
"Rajasthan Royals","Pravin Tambe",11,2,20,"All","All","All",5.5,55
"Rajasthan Royals","Rahul Dravid",1276,43,1151,"All","All","All",29.6744186046512,110.860121633362
"Rajasthan Royals","Rahul Shukla",1,0,2,"All","All","All",Inf,50
"Rajasthan Royals","Rahul Tewatia",426,17,343,"All","All","All",25.0588235294118,124.198250728863
"Rajasthan Royals","Rahul Tripathi",367,15,285,"All","All","All",24.4666666666667,128.771929824561
"Rajasthan Royals","Rajat Bhatia",67,6,54,"All","All","All",11.1666666666667,124.074074074074
"Rajasthan Royals","Rassie van der Dussen",22,2,24,"All","All","All",11,91.6666666666667
"Rajasthan Royals","Ravichandran Ashwin",191,7,135,"All","All","All",27.2857142857143,141.481481481481
"Rajasthan Royals","Ravindra Jadeja",430,18,369,"All","All","All",23.8888888888889,116.531165311653
"Rajasthan Royals","Riyan Parag",522,30,418,"All","All","All",17.4,124.88038277512
"Rajasthan Royals","Rob Quiney",103,7,102,"All","All","All",14.7142857142857,100.980392156863
"Rajasthan Royals","Robin Uthappa",196,12,164,"All","All","All",16.3333333333333,119.512195121951
"Rajasthan Royals","Ross Taylor",181,5,152,"All","All","All",36.2,119.078947368421
"Rajasthan Royals","Rusty Theron",1,0,1,"All","All","All",Inf,100
"Rajasthan Royals","Sachin Baby",3,1,7,"All","All","All",3,42.8571428571429
"Rajasthan Royals","Sanju Samson",2849,95,2066,"All","All","All",29.9894736842105,137.899322362052
"Rajasthan Royals","Shane Harwood",9,0,14,"All","All","All",Inf,64.2857142857143
"Rajasthan Royals","Shane Warne",198,18,214,"All","All","All",11,92.5233644859813
"Rajasthan Royals","Shane Watson",2372,65,1679,"All","All","All",36.4923076923077,141.274568195354
"Rajasthan Royals","Shaun Tait",23,3,26,"All","All","All",7.66666666666667,88.4615384615385
"Rajasthan Royals","Shimron Hetmyer",314,7,204,"All","All","All",44.8571428571429,153.921568627451
"Rajasthan Royals","Shivam Dube",230,8,193,"All","All","All",28.75,119.170984455959
"Rajasthan Royals","Shreevats Goswami",69,5,67,"All","All","All",13.8,102.985074626866
"Rajasthan Royals","Shreyas Gopal",157,12,135,"All","All","All",13.0833333333333,116.296296296296
"Rajasthan Royals","Siddharth Chitnis",6,1,8,"All","All","All",6,75
"Rajasthan Royals","Siddharth Trivedi",42,7,59,"All","All","All",6,71.1864406779661
"Rajasthan Royals","Sohail Tanvir",36,3,29,"All","All","All",12,124.137931034483
"Rajasthan Royals","Sreesanth",1,1,4,"All","All","All",1,25
"Rajasthan Royals","Steven Smith",1070,35,843,"All","All","All",30.5714285714286,126.927639383155
"Rajasthan Royals","Stuart Binny",731,36,563,"All","All","All",20.3055555555556,129.840142095915
"Rajasthan Royals","Sumit Narwal",14,2,12,"All","All","All",7,116.666666666667
"Rajasthan Royals","Swapnil Asnodkar",423,19,339,"All","All","All",22.2631578947368,124.778761061947
"Rajasthan Royals","Tabraiz Shamsi",2,0,4,"All","All","All",Inf,50
"Rajasthan Royals","Taruwar Kohli",10,2,15,"All","All","All",5,66.6666666666667
"Rajasthan Royals","Tim Southee",17,2,13,"All","All","All",8.5,130.769230769231
"Rajasthan Royals","Tom Curran",83,1,62,"All","All","All",83,133.870967741935
"Rajasthan Royals","Trent Boult",40,2,29,"All","All","All",20,137.931034482759
"Rajasthan Royals","Tyron Henderson",11,2,16,"All","All","All",5.5,68.75
"Rajasthan Royals","Unmukt Chand",2,1,9,"All","All","All",2,22.2222222222222
"Rajasthan Royals","Varun Aaron",4,1,17,"All","All","All",4,23.5294117647059
"Rajasthan Royals","Vikramjeet Malik",1,0,2,"All","All","All",Inf,50
"Rajasthan Royals","Yashasvi Jaiswal",547,23,406,"All","All","All",23.7826086956522,134.729064039409
"Rajasthan Royals","Younis Khan",3,1,7,"All","All","All",3,42.8571428571429
"Rajasthan Royals","Yusuf Pathan",1011,38,626,"All","All","All",26.6052631578947,161.501597444089
"Rajasthan Royals","Yuzvendra Chahal",5,1,8,"All","All","All",5,62.5
"Rising Pune Supergiants","Adam Zampa",5,2,8,"All","All","All",2.5,62.5
"Rising Pune Supergiants","Ajinkya Rahane",862,26,702,"All","All","All",33.1538461538462,122.792022792023
"Rising Pune Supergiants","Albie Morkel",16,1,9,"All","All","All",16,177.777777777778
"Rising Pune Supergiants","Ankit Sharma",28,1,18,"All","All","All",28,155.555555555556
"Rising Pune Supergiants","Ashok Dinda",7,1,7,"All","All","All",7,100
"Rising Pune Supergiants","Ben Stokes",316,10,221,"All","All","All",31.6,142.986425339367
"Rising Pune Supergiants","Dan Christian",79,5,49,"All","All","All",15.8,161.224489795918
"Rising Pune Supergiants","Deepak Chahar",14,1,6,"All","All","All",14,233.333333333333
"Rising Pune Supergiants","Faf du Plessis",214,7,169,"All","All","All",30.5714285714286,126.627218934911
"Rising Pune Supergiants","George Bailey",84,4,98,"All","All","All",21,85.7142857142857
"Rising Pune Supergiants","Imran Tahir",0,0,2,"All","All","All",NA,0
"Rising Pune Supergiants","Irfan Pathan",11,3,13,"All","All","All",3.66666666666667,84.6153846153846
"Rising Pune Supergiants","Jaydev Unadkat",2,0,5,"All","All","All",Inf,40
"Rising Pune Supergiants","Kevin Pietersen",73,2,61,"All","All","All",36.5,119.672131147541
"Rising Pune Supergiants","Lockie Ferguson",1,0,1,"All","All","All",Inf,100
"Rising Pune Supergiants","MS Dhoni",574,18,460,"All","All","All",31.8888888888889,124.782608695652
"Rising Pune Supergiants","Manoj Tiwary",324,10,236,"All","All","All",32.4,137.28813559322
"Rising Pune Supergiants","Mayank Agarwal",26,3,27,"All","All","All",8.66666666666667,96.2962962962963
"Rising Pune Supergiants","Mitchell Marsh",7,1,11,"All","All","All",7,63.6363636363636
"Rising Pune Supergiants","Murugan Ashwin",0,1,1,"All","All","All",0,0
"Rising Pune Supergiants","Peter Handscomb",6,1,12,"All","All","All",6,50
"Rising Pune Supergiants","Rahul Chahar",3,0,2,"All","All","All",Inf,150
"Rising Pune Supergiants","Rahul Tripathi",391,14,267,"All","All","All",27.9285714285714,146.441947565543
"Rising Pune Supergiants","Rajat Bhatia",50,2,37,"All","All","All",25,135.135135135135
"Rising Pune Supergiants","Ravichandran Ashwin",41,2,38,"All","All","All",20.5,107.894736842105
"Rising Pune Supergiants","Saurabh Tiwary",170,7,141,"All","All","All",24.2857142857143,120.567375886525
"Rising Pune Supergiants","Shardul Thakur",0,3,3,"All","All","All",0,0
"Rising Pune Supergiants","Steven Smith",742,18,563,"All","All","All",41.2222222222222,131.793960923623
"Rising Pune Supergiants","Thisara Perera",150,7,93,"All","All","All",21.4285714285714,161.290322580645
"Rising Pune Supergiants","Usman Khawaja",127,6,100,"All","All","All",21.1666666666667,127
"Rising Pune Supergiants","Washington Sundar",9,1,12,"All","All","All",9,75
"Royal Challengers Bangalore","AB de Villiers",4491,109,2831,"All","All","All",41.2018348623853,158.636524196397
"Royal Challengers Bangalore","Aaron Finch",268,12,241,"All","All","All",22.3333333333333,111.203319502075
"Royal Challengers Bangalore","Abdur Razzak",0,0,2,"All","All","All",NA,0
"Royal Challengers Bangalore","Abhimanyu Mithun",34,5,26,"All","All","All",6.8,130.769230769231
"Royal Challengers Bangalore","Abhinav Mukund",19,1,21,"All","All","All",19,90.4761904761905
"Royal Challengers Bangalore","Abu Nechim",14,1,6,"All","All","All",14,233.333333333333
"Royal Challengers Bangalore","Adam Milne",7,2,12,"All","All","All",3.5,58.3333333333333
"Royal Challengers Bangalore","Akash Deep",0,1,2,"All","All","All",0,0
"Royal Challengers Bangalore","Akshdeep Nath",61,5,57,"All","All","All",12.2,107.017543859649
"Royal Challengers Bangalore","Albie Morkel",45,3,41,"All","All","All",15,109.756097560976
"Royal Challengers Bangalore","Andrew McDonald",47,3,37,"All","All","All",15.6666666666667,127.027027027027
"Royal Challengers Bangalore","Aniket Choudhary",25,1,20,"All","All","All",25,125
"Royal Challengers Bangalore","Anil Kumble",35,3,47,"All","All","All",11.6666666666667,74.468085106383
"Royal Challengers Bangalore","Anuj Rawat",129,8,118,"All","All","All",16.125,109.322033898305
"Royal Challengers Bangalore","Arun Karthik",48,5,46,"All","All","All",9.6,104.347826086957
"Royal Challengers Bangalore","Asad Pathan",39,5,23,"All","All","All",7.8,169.565217391304
"Royal Challengers Bangalore","Ashley Noffke",9,1,10,"All","All","All",9,90
"Royal Challengers Bangalore","Ashok Dinda",4,1,12,"All","All","All",4,33.3333333333333
"Royal Challengers Bangalore","Balachandra Akhil",63,5,46,"All","All","All",12.6,136.95652173913
"Royal Challengers Bangalore","Bharat Chipli",20,3,28,"All","All","All",6.66666666666667,71.4285714285714
"Royal Challengers Bangalore","Brendon McCullum",127,6,88,"All","All","All",21.1666666666667,144.318181818182
"Royal Challengers Bangalore","Cameron White",162,9,135,"All","All","All",18,120
"Royal Challengers Bangalore","Charl Langeveldt",8,1,8,"All","All","All",8,100
"Royal Challengers Bangalore","Cheteshwar Pujara",143,10,152,"All","All","All",14.3,94.0789473684211
"Royal Challengers Bangalore","Chris Gayle",3163,73,2071,"All","All","All",43.3287671232877,152.728150651859
"Royal Challengers Bangalore","Chris Jordan",3,1,4,"All","All","All",3,75
"Royal Challengers Bangalore","Chris Morris",34,4,21,"All","All","All",8.5,161.904761904762
"Royal Challengers Bangalore","Chris Woakes",17,2,19,"All","All","All",8.5,89.4736842105263
"Royal Challengers Bangalore","Colin de Grandhomme",177,8,133,"All","All","All",22.125,133.082706766917
"Royal Challengers Bangalore","Corey Anderson",17,3,22,"All","All","All",5.66666666666667,77.2727272727273
"Royal Challengers Bangalore","Dale Steyn",16,6,27,"All","All","All",2.66666666666667,59.2592592592593
"Royal Challengers Bangalore","Dan Christian",20,8,39,"All","All","All",2.5,51.2820512820513
"Royal Challengers Bangalore","Daniel Sams",6,1,6,"All","All","All",6,100
"Royal Challengers Bangalore","Daniel Vettori",54,5,54,"All","All","All",10.8,100
"Royal Challengers Bangalore","Daren Sammy",13,2,18,"All","All","All",6.5,72.2222222222222
"Royal Challengers Bangalore","David Wiese",127,4,90,"All","All","All",31.75,141.111111111111
"Royal Challengers Bangalore","David Willey",18,2,30,"All","All","All",9,60
"Royal Challengers Bangalore","Devdutt Padikkal",884,28,707,"All","All","All",31.5714285714286,125.035360678925
"Royal Challengers Bangalore","Devraj Patil",13,2,13,"All","All","All",6.5,100
"Royal Challengers Bangalore","Dillon du Preez",10,1,13,"All","All","All",10,76.9230769230769
"Royal Challengers Bangalore","Dinesh Karthik",471,17,297,"All","All","All",27.7058823529412,158.585858585859
"Royal Challengers Bangalore","Eoin Morgan",35,3,30,"All","All","All",11.6666666666667,116.666666666667
"Royal Challengers Bangalore","Faf du Plessis",468,15,367,"All","All","All",31.2,127.520435967302
"Royal Challengers Bangalore","George Garton",2,1,4,"All","All","All",2,50
"Royal Challengers Bangalore","Glenn Maxwell",814,23,534,"All","All","All",35.3913043478261,152.434456928839
"Royal Challengers Bangalore","Gurkeerat Singh Mann",169,3,150,"All","All","All",56.3333333333333,112.666666666667
"Royal Challengers Bangalore","Harshal Patel",149,17,119,"All","All","All",8.76470588235294,125.210084033613
"Royal Challengers Bangalore","Heinrich Klaasen",9,2,10,"All","All","All",4.5,90
"Royal Challengers Bangalore","Iqbal Abdulla",62,2,52,"All","All","All",31,119.230769230769
"Royal Challengers Bangalore","Isuru Udana",15,3,11,"All","All","All",5,136.363636363636
"Royal Challengers Bangalore","Jacques Kallis",1132,36,1009,"All","All","All",31.4444444444444,112.19028741328
"Royal Challengers Bangalore","Jagadeesh Arunkumar",23,3,23,"All","All","All",7.66666666666667,100
"Royal Challengers Bangalore","Jamaluddin Syed Mohammad",29,2,26,"All","All","All",14.5,111.538461538462
"Royal Challengers Bangalore","Jaydev Unadkat",2,0,2,"All","All","All",Inf,100
"Royal Challengers Bangalore","Jesse Ryder",56,5,49,"All","All","All",11.2,114.285714285714
"Royal Challengers Bangalore","Johan van der Wath",18,2,16,"All","All","All",9,112.5
"Royal Challengers Bangalore","Josh Hazlewood",18,0,26,"All","All","All",Inf,69.2307692307692
"Royal Challengers Bangalore","Josh Philippe",78,4,77,"All","All","All",19.5,101.298701298701
"Royal Challengers Bangalore","KL Rahul",417,11,287,"All","All","All",37.9090909090909,145.296167247387
"Royal Challengers Bangalore","KP Appanna",2,1,4,"All","All","All",2,50
"Royal Challengers Bangalore","Kane Richardson",1,0,1,"All","All","All",Inf,100
"Royal Challengers Bangalore","Karn Sharma",1,1,3,"All","All","All",1,33.3333333333333
"Royal Challengers Bangalore","Karun Nair",9,2,12,"All","All","All",4.5,75
"Royal Challengers Bangalore","Kedar Jadhav",309,12,218,"All","All","All",25.75,141.743119266055
"Royal Challengers Bangalore","Kevin Pietersen",329,10,242,"All","All","All",32.9,135.95041322314
"Royal Challengers Bangalore","Kyle Jamieson",65,4,55,"All","All","All",16.25,118.181818181818
"Royal Challengers Bangalore","Luke Pomersbach",51,4,39,"All","All","All",12.75,130.769230769231
"Royal Challengers Bangalore","Mahipal Lomror",86,5,57,"All","All","All",17.2,150.877192982456
"Royal Challengers Bangalore","Manan Vohra",55,4,47,"All","All","All",13.75,117.021276595745
"Royal Challengers Bangalore","Mandeep Singh",597,26,463,"All","All","All",22.9615384615385,128.941684665227
"Royal Challengers Bangalore","Manish Pandey",417,14,344,"All","All","All",29.7857142857143,121.220930232558
"Royal Challengers Bangalore","Manvinder Bisla",37,2,30,"All","All","All",18.5,123.333333333333
"Royal Challengers Bangalore","Marcus Stoinis",211,4,156,"All","All","All",52.75,135.25641025641
"Royal Challengers Bangalore","Mark Boucher",388,13,303,"All","All","All",29.8461538461538,128.052805280528
"Royal Challengers Bangalore","Mayank Agarwal",433,23,340,"All","All","All",18.8260869565217,127.352941176471
"Royal Challengers Bangalore","Misbah-ul-Haq",117,7,81,"All","All","All",16.7142857142857,144.444444444444
"Royal Challengers Bangalore","Mitchell Starc",96,7,98,"All","All","All",13.7142857142857,97.9591836734694
"Royal Challengers Bangalore","Moeen Ali",309,15,195,"All","All","All",20.6,158.461538461538
"Royal Challengers Bangalore","Mohammad Kaif",55,4,49,"All","All","All",13.75,112.244897959184
"Royal Challengers Bangalore","Mohammed Siraj",96,7,109,"All","All","All",13.7142857142857,88.0733944954129
"Royal Challengers Bangalore","Moises Henriques",165,4,125,"All","All","All",41.25,132
"Royal Challengers Bangalore","Murali Kartik",2,1,3,"All","All","All",2,66.6666666666667
"Royal Challengers Bangalore","Murugan Ashwin",1,1,2,"All","All","All",1,50
"Royal Challengers Bangalore","Muthiah Muralidaran",6,2,9,"All","All","All",3,66.6666666666667
"Royal Challengers Bangalore","Navdeep Saini",31,3,35,"All","All","All",10.3333333333333,88.5714285714286
"Royal Challengers Bangalore","Nic Maddinson",20,3,21,"All","All","All",6.66666666666667,95.2380952380952
"Royal Challengers Bangalore","Pankaj Singh",2,2,4,"All","All","All",1,50
"Royal Challengers Bangalore","Parthiv Patel",731,29,562,"All","All","All",25.2068965517241,130.071174377224
"Royal Challengers Bangalore","Parvez Rasool",10,1,9,"All","All","All",10,111.111111111111
"Royal Challengers Bangalore","Pawan Negi",156,14,128,"All","All","All",11.1428571428571,121.875
"Royal Challengers Bangalore","Prasanth Parameswaran",0,0,1,"All","All","All",NA,0
"Royal Challengers Bangalore","Praveen Kumar",181,17,152,"All","All","All",10.6470588235294,119.078947368421
"Royal Challengers Bangalore","Prayas Ray Barman",19,1,24,"All","All","All",19,79.1666666666667
"Royal Challengers Bangalore","Quinton de Kock",201,8,162,"All","All","All",25.125,124.074074074074
"Royal Challengers Bangalore","Rahul Dravid",898,34,731,"All","All","All",26.4117647058824,122.845417236662
"Royal Challengers Bangalore","Rajat Patidar",404,10,280,"All","All","All",40.4,144.285714285714
"Royal Challengers Bangalore","Rajesh Bishnoi",19,3,17,"All","All","All",6.33333333333333,111.764705882353
"Royal Challengers Bangalore","Raju Bhatkal",0,1,2,"All","All","All",0,0
"Royal Challengers Bangalore","Ravi Rampaul",51,5,50,"All","All","All",10.2,102
"Royal Challengers Bangalore","Rilee Rossouw",53,5,51,"All","All","All",10.6,103.921568627451
"Royal Challengers Bangalore","Robin Uthappa",549,23,388,"All","All","All",23.8695652173913,141.494845360825
"Royal Challengers Bangalore","Roelof van der Merwe",123,9,100,"All","All","All",13.6666666666667,123
"Royal Challengers Bangalore","Ross Taylor",517,17,364,"All","All","All",30.4117647058824,142.032967032967
"Royal Challengers Bangalore","Ryan Ninan",3,1,6,"All","All","All",3,50
"Royal Challengers Bangalore","Sachin Baby",141,8,111,"All","All","All",17.625,127.027027027027
"Royal Challengers Bangalore","Sachin Rana",73,3,65,"All","All","All",24.3333333333333,112.307692307692
"Royal Challengers Bangalore","Samuel Badree",13,5,23,"All","All","All",2.6,56.5217391304348
"Royal Challengers Bangalore","Sarfaraz Khan",228,11,143,"All","All","All",20.7272727272727,159.440559440559
"Royal Challengers Bangalore","Saurabh Tiwary",487,20,464,"All","All","All",24.35,104.956896551724
"Royal Challengers Bangalore","Sean Abbott",15,2,13,"All","All","All",7.5,115.384615384615
"Royal Challengers Bangalore","Shahbaz Ahmed",279,15,235,"All","All","All",18.6,118.723404255319
"Royal Challengers Bangalore","Shane Watson",250,19,212,"All","All","All",13.1578947368421,117.924528301887
"Royal Challengers Bangalore","Sherfane Rutherford",33,2,50,"All","All","All",16.5,66
"Royal Challengers Bangalore","Shimron Hetmyer",90,5,73,"All","All","All",18,123.287671232877
"Royal Challengers Bangalore","Shivam Dube",169,10,138,"All","All","All",16.9,122.463768115942
"Royal Challengers Bangalore","Shivnarine Chanderpaul",25,3,31,"All","All","All",8.33333333333333,80.6451612903226
"Royal Challengers Bangalore","Shreevats Goswami",143,6,155,"All","All","All",23.8333333333333,92.258064516129
"Royal Challengers Bangalore","Sreenath Aravind",59,3,57,"All","All","All",19.6666666666667,103.508771929825
"Royal Challengers Bangalore","Sridharan Sriram",27,1,29,"All","All","All",27,93.1034482758621
"Royal Challengers Bangalore","Srikar Bharat",191,5,156,"All","All","All",38.2,122.435897435897
"Royal Challengers Bangalore","Stuart Binny",141,9,115,"All","All","All",15.6666666666667,122.608695652174
"Royal Challengers Bangalore","Sunil Joshi",6,2,14,"All","All","All",3,42.8571428571429
"Royal Challengers Bangalore","Suyash Prabhudessai",67,5,59,"All","All","All",13.4,113.559322033898
"Royal Challengers Bangalore","Tillakaratne Dilshan",587,21,534,"All","All","All",27.952380952381,109.925093632959
"Royal Challengers Bangalore","Tim David",1,1,3,"All","All","All",1,33.3333333333333
"Royal Challengers Bangalore","Tim Southee",61,2,55,"All","All","All",30.5,110.909090909091
"Royal Challengers Bangalore","Travis Head",205,7,148,"All","All","All",29.2857142857143,138.513513513514
"Royal Challengers Bangalore","Tymal Mills",8,3,11,"All","All","All",2.66666666666667,72.7272727272727
"Royal Challengers Bangalore","Umesh Yadav",28,7,38,"All","All","All",4,73.6842105263158
"Royal Challengers Bangalore","Varun Aaron",41,1,37,"All","All","All",41,110.810810810811
"Royal Challengers Bangalore","Vijay Zol",29,2,26,"All","All","All",14.5,111.538461538462
"Royal Challengers Bangalore","Vinay Kumar",237,17,204,"All","All","All",13.9411764705882,116.176470588235
"Royal Challengers Bangalore","Virat Kohli",6624,183,5129,"All","All","All",36.1967213114754,129.14798206278
"Royal Challengers Bangalore","Vishnu Vinod",19,3,26,"All","All","All",6.33333333333333,73.0769230769231
"Royal Challengers Bangalore","Wanindu Hasaranga de Silva",39,8,45,"All","All","All",4.875,86.6666666666667
"Royal Challengers Bangalore","Washington Sundar",208,15,183,"All","All","All",13.8666666666667,113.661202185792
"Royal Challengers Bangalore","Wasim Jaffer",130,8,121,"All","All","All",16.25,107.438016528926
"Royal Challengers Bangalore","Yogesh Takawale",104,5,91,"All","All","All",20.8,114.285714285714
"Royal Challengers Bangalore","Yuvraj Singh",376,11,278,"All","All","All",34.1818181818182,135.251798561151
"Royal Challengers Bangalore","Yuzvendra Chahal",32,6,78,"All","All","All",5.33333333333333,41.025641025641
"Royal Challengers Bangalore","Zaheer Khan",67,8,84,"All","All","All",8.375,79.7619047619048
"Sunrisers Hyderabad","Aaron Finch",309,11,263,"All","All","All",28.0909090909091,117.490494296578
"Sunrisers Hyderabad","Abdul Samad",226,16,159,"All","All","All",14.125,142.138364779874
"Sunrisers Hyderabad","Abhishek Sharma",604,27,460,"All","All","All",22.3703703703704,131.304347826087
"Sunrisers Hyderabad","Aditya Tare",8,2,15,"All","All","All",4,53.3333333333333
"Sunrisers Hyderabad","Aiden Markram",381,8,274,"All","All","All",47.625,139.051094890511
"Sunrisers Hyderabad","Akshath Reddy",91,7,101,"All","All","All",13,90.0990099009901
"Sunrisers Hyderabad","Alex Hales",148,6,118,"All","All","All",24.6666666666667,125.423728813559
"Sunrisers Hyderabad","Amit Mishra",93,5,103,"All","All","All",18.6,90.2912621359223
"Sunrisers Hyderabad","Ashish Nehra",1,0,1,"All","All","All",Inf,100
"Sunrisers Hyderabad","Ashish Reddy",245,11,164,"All","All","All",22.2727272727273,149.390243902439
"Sunrisers Hyderabad","Barinder Sran",4,0,4,"All","All","All",Inf,100
"Sunrisers Hyderabad","Basil Thampi",4,1,7,"All","All","All",4,57.1428571428571
"Sunrisers Hyderabad","Ben Cutting",116,4,60,"All","All","All",29,193.333333333333
"Sunrisers Hyderabad","Bhuvneshwar Kumar",148,19,138,"All","All","All",7.78947368421053,107.246376811594
"Sunrisers Hyderabad","Billy Stanlake",5,0,2,"All","All","All",Inf,250
"Sunrisers Hyderabad","Biplab Samantray",123,5,111,"All","All","All",24.6,110.810810810811
"Sunrisers Hyderabad","Bipul Sharma",83,4,51,"All","All","All",20.75,162.745098039216
"Sunrisers Hyderabad","Cameron White",209,12,191,"All","All","All",17.4166666666667,109.424083769634
"Sunrisers Hyderabad","Carlos Brathwaite",75,3,48,"All","All","All",25,156.25
"Sunrisers Hyderabad","Chris Jordan",0,1,1,"All","All","All",0,0
"Sunrisers Hyderabad","Dale Steyn",95,6,75,"All","All","All",15.8333333333333,126.666666666667
"Sunrisers Hyderabad","Daren Sammy",282,13,223,"All","All","All",21.6923076923077,126.457399103139
"Sunrisers Hyderabad","David Warner",4014,81,2815,"All","All","All",49.5555555555556,142.59325044405
"Sunrisers Hyderabad","Deepak Hooda",373,27,317,"All","All","All",13.8148148148148,117.665615141956
"Sunrisers Hyderabad","Dwaraka Ravi Teja",14,1,17,"All","All","All",14,82.3529411764706
"Sunrisers Hyderabad","Eoin Morgan",310,13,256,"All","All","All",23.8461538461538,121.09375
"Sunrisers Hyderabad","Fazalhaq Farooqi",2,0,8,"All","All","All",Inf,25
"Sunrisers Hyderabad","Hanuma Vihari",280,18,313,"All","All","All",15.5555555555556,89.4568690095847
"Sunrisers Hyderabad","Irfan Pathan",55,2,54,"All","All","All",27.5,101.851851851852
"Sunrisers Hyderabad","Jagadeesha Suchith",16,2,14,"All","All","All",8,114.285714285714
"Sunrisers Hyderabad","Jason Holder",167,9,137,"All","All","All",18.5555555555556,121.897810218978
"Sunrisers Hyderabad","Jason Roy",150,5,121,"All","All","All",30,123.96694214876
"Sunrisers Hyderabad","Jonny Bairstow",1038,25,730,"All","All","All",41.52,142.191780821918
"Sunrisers Hyderabad","KL Rahul",308,13,290,"All","All","All",23.6923076923077,106.206896551724
"Sunrisers Hyderabad","Kane Williamson",2101,57,1667,"All","All","All",36.859649122807,126.034793041392
"Sunrisers Hyderabad","Karn Sharma",267,14,230,"All","All","All",19.0714285714286,116.086956521739
"Sunrisers Hyderabad","Kartik Tyagi",7,2,6,"All","All","All",3.5,116.666666666667
"Sunrisers Hyderabad","Kedar Jadhav",55,4,52,"All","All","All",13.75,105.769230769231
"Sunrisers Hyderabad","Khaleel Ahmed",1,3,5,"All","All","All",0.333333333333333,20
"Sunrisers Hyderabad","Kumar Sangakkara",120,9,136,"All","All","All",13.3333333333333,88.2352941176471
"Sunrisers Hyderabad","Manish Pandey",1345,38,1078,"All","All","All",35.3947368421053,124.768089053803
"Sunrisers Hyderabad","Marco Jansen",9,1,7,"All","All","All",9,128.571428571429
"Sunrisers Hyderabad","Martin Guptill",81,3,53,"All","All","All",27,152.830188679245
"Sunrisers Hyderabad","Mitchell Marsh",0,1,1,"All","All","All",0,0
"Sunrisers Hyderabad","Mohammad Nabi",180,12,119,"All","All","All",15,151.260504201681
"Sunrisers Hyderabad","Moises Henriques",755,27,586,"All","All","All",27.962962962963,128.839590443686
"Sunrisers Hyderabad","Mujeeb Ur Rahman",1,0,1,"All","All","All",Inf,100
"Sunrisers Hyderabad","Naman Ojha",584,30,485,"All","All","All",19.4666666666667,120.412371134021
"Sunrisers Hyderabad","Nicholas Pooran",306,8,212,"All","All","All",38.25,144.339622641509
"Sunrisers Hyderabad","Parthiv Patel",294,13,255,"All","All","All",22.6153846153846,115.294117647059
"Sunrisers Hyderabad","Parvez Rasool",2,0,2,"All","All","All",Inf,100
"Sunrisers Hyderabad","Praveen Kumar",17,3,25,"All","All","All",5.66666666666667,68
"Sunrisers Hyderabad","Priyam Garg",251,16,218,"All","All","All",15.6875,115.137614678899
"Sunrisers Hyderabad","Quinton de Kock",6,3,15,"All","All","All",2,40
"Sunrisers Hyderabad","Rahul Tripathi",413,11,261,"All","All","All",37.5454545454545,158.23754789272
"Sunrisers Hyderabad","Rashid Khan",222,24,162,"All","All","All",9.25,137.037037037037
"Sunrisers Hyderabad","Ravi Bopara",145,5,120,"All","All","All",29,120.833333333333
"Sunrisers Hyderabad","Ricky Bhui",7,2,17,"All","All","All",3.5,41.1764705882353
"Sunrisers Hyderabad","Romario Shepherd",58,2,41,"All","All","All",29,141.463414634146
"Sunrisers Hyderabad","Sandeep Sharma",26,5,29,"All","All","All",5.2,89.6551724137931
"Sunrisers Hyderabad","Sean Abbott",7,1,5,"All","All","All",7,140
"Sunrisers Hyderabad","Shahbaz Nadeem",7,2,9,"All","All","All",3.5,77.7777777777778
"Sunrisers Hyderabad","Shakib Al Hasan",248,12,207,"All","All","All",20.6666666666667,119.806763285024
"Sunrisers Hyderabad","Shashank Singh",69,4,47,"All","All","All",17.25,146.808510638298
"Sunrisers Hyderabad","Shikhar Dhawan",2518,73,2026,"All","All","All",34.4931506849315,124.284304047384
"Sunrisers Hyderabad","Shreevats Goswami",52,5,44,"All","All","All",10.4,118.181818181818
"Sunrisers Hyderabad","Shreyas Gopal",9,0,7,"All","All","All",Inf,128.571428571429
"Sunrisers Hyderabad","Siddarth Kaul",11,4,25,"All","All","All",2.75,44
"Sunrisers Hyderabad","Srikkanth Anirudha",3,1,5,"All","All","All",3,60
"Sunrisers Hyderabad","T Natarajan",3,0,5,"All","All","All",Inf,60
"Sunrisers Hyderabad","Thalaivan Sargunam",10,1,17,"All","All","All",10,58.8235294117647
"Sunrisers Hyderabad","Thisara Perera",233,10,163,"All","All","All",23.3,142.944785276074
"Sunrisers Hyderabad","Umran Malik",4,1,8,"All","All","All",4,50
"Sunrisers Hyderabad","Venugopal Rao",71,3,63,"All","All","All",23.6666666666667,112.698412698413
"Sunrisers Hyderabad","Vijay Shankar",500,23,416,"All","All","All",21.7391304347826,120.192307692308
"Sunrisers Hyderabad","Virat Singh",15,2,26,"All","All","All",7.5,57.6923076923077
"Sunrisers Hyderabad","Washington Sundar",101,7,69,"All","All","All",14.4285714285714,146.376811594203
"Sunrisers Hyderabad","Wriddhiman Saha",553,25,448,"All","All","All",22.12,123.4375
"Sunrisers Hyderabad","Yusuf Pathan",300,12,245,"All","All","All",25,122.448979591837
"Sunrisers Hyderabad","Yuvraj Singh",488,18,356,"All","All","All",27.1111111111111,137.078651685393
