"Bowling_Team","Bowler","Runs","Wickets","Balls","Batting_Team","Stadium","Season","Average","Economy"
"Chennai Super Kings","Adam Milne",19,0,15,"All","All","All",Inf,7.6
"Chennai Super Kings","Albie Morkel",2053,76,1525,"All","All","All",27.0131578947368,8.07737704918033
"Chennai Super Kings","Andrew Flintoff",105,2,66,"All","All","All",52.5,9.54545454545454
"Chennai Super Kings","Ankit Rajpoot",35,1,24,"All","All","All",35,8.75
"Chennai Super Kings","Ashish Nehra",591,30,462,"All","All","All",19.7,7.67532467532468
"Chennai Super Kings","Ben Hilfenhaus",479,22,372,"All","All","All",21.7727272727273,7.7258064516129
"Chennai Super Kings","Ben Laughlin",71,1,42,"All","All","All",71,10.1428571428571
"Chennai Super Kings","Chamara Kapugedera",49,0,17,"All","All","All",Inf,17.2941176470588
"Chennai Super Kings","Chandrasekar Ganapathy",13,0,6,"All","All","All",Inf,13
"Chennai Super Kings","Chris Jordan",135,2,77,"All","All","All",67.5,10.5194805194805
"Chennai Super Kings","Chris Morris",401,15,300,"All","All","All",26.7333333333333,8.02
"Chennai Super Kings","David Hussey",38,2,17,"All","All","All",19,13.4117647058824
"Chennai Super Kings","David Willey",95,2,60,"All","All","All",47.5,9.5
"Chennai Super Kings","Deepak Chahar",1607,58,1252,"All","All","All",27.7068965517241,7.70127795527157
"Chennai Super Kings","Dirk Nannes",158,4,119,"All","All","All",39.5,7.96638655462185
"Chennai Super Kings","Doug Bollinger",693,37,576,"All","All","All",18.7297297297297,7.21875
"Chennai Super Kings","Dwaine Pretorius",210,6,126,"All","All","All",35,10
"Chennai Super Kings","Dwayne Bravo",3147,140,2257,"All","All","All",22.4785714285714,8.36597252990696
"Chennai Super Kings","Dwayne Smith",112,5,72,"All","All","All",22.4,9.33333333333333
"Chennai Super Kings","Faf du Plessis",16,0,6,"All","All","All",Inf,16
"Chennai Super Kings","Harbhajan Singh",582,23,455,"All","All","All",25.304347826087,7.67472527472527
"Chennai Super Kings","Imran Tahir",711,35,600,"All","All","All",20.3142857142857,7.11
"Chennai Super Kings","Ishwar Pandey",541,17,438,"All","All","All",31.8235294117647,7.41095890410959
"Chennai Super Kings","Jacob Oram",282,8,189,"All","All","All",35.25,8.95238095238095
"Chennai Super Kings","Jason Holder",168,2,120,"All","All","All",84,8.4
"Chennai Super Kings","Joginder Sharma",419,12,256,"All","All","All",34.9166666666667,9.8203125
"Chennai Super Kings","John Hastings",29,1,18,"All","All","All",29,9.66666666666667
"Chennai Super Kings","Josh Hazlewood",357,12,270,"All","All","All",29.75,7.93333333333333
"Chennai Super Kings","Justin Kemp",54,3,44,"All","All","All",18,7.36363636363636
"Chennai Super Kings","KM Asif",93,4,49,"All","All","All",23.25,11.3877551020408
"Chennai Super Kings","Karn Sharma",287,10,188,"All","All","All",28.7,9.15957446808511
"Chennai Super Kings","Lakshmipathy Balaji",809,31,562,"All","All","All",26.0967741935484,8.63701067615659
"Chennai Super Kings","Lungi Ngidi",448,25,324,"All","All","All",17.92,8.2962962962963
"Chennai Super Kings","Maheesh Theekshana",261,12,210,"All","All","All",21.75,7.45714285714286
"Chennai Super Kings","Makhaya Ntini",242,7,210,"All","All","All",34.5714285714286,6.91428571428571
"Chennai Super Kings","Manpreet Gony",707,23,510,"All","All","All",30.7391304347826,8.31764705882353
"Chennai Super Kings","Mark Wood",49,0,24,"All","All","All",Inf,12.25
"Chennai Super Kings","Matheesha Pathirana",52,2,41,"All","All","All",26,7.60975609756098
"Chennai Super Kings","Mitchell Santner",277,10,240,"All","All","All",27.7,6.925
"Chennai Super Kings","Moeen Ali",319,14,295,"All","All","All",22.7857142857143,6.48813559322034
"Chennai Super Kings","Mohit Sharma",1286,58,987,"All","All","All",22.1724137931034,7.81762917933131
"Chennai Super Kings","Monu Kumar",20,0,12,"All","All","All",Inf,10
"Chennai Super Kings","Mukesh Choudhary",424,16,273,"All","All","All",26.5,9.31868131868132
"Chennai Super Kings","Muthiah Muralidaran",994,40,936,"All","All","All",24.85,6.37179487179487
"Chennai Super Kings","Nuwan Kulasekara",120,5,102,"All","All","All",24,7.05882352941176
"Chennai Super Kings","Palani Amarnath",236,7,132,"All","All","All",33.7142857142857,10.7272727272727
"Chennai Super Kings","Pawan Negi",327,6,222,"All","All","All",54.5,8.83783783783784
"Chennai Super Kings","Piyush Chawla",191,6,126,"All","All","All",31.8333333333333,9.09523809523809
"Chennai Super Kings","Prashant Solanki",38,2,36,"All","All","All",19,6.33333333333333
"Chennai Super Kings","Ravichandran Ashwin",2180,90,2026,"All","All","All",24.2222222222222,6.45607107601185
"Chennai Super Kings","Ravindra Jadeja",2927,105,2331,"All","All","All",27.8761904761905,7.53410553410554
"Chennai Super Kings","Ronit More",59,1,35,"All","All","All",59,10.1142857142857
"Chennai Super Kings","Sam Curran",672,22,450,"All","All","All",30.5454545454545,8.96
"Chennai Super Kings","Samuel Badree",97,2,84,"All","All","All",48.5,6.92857142857143
"Chennai Super Kings","Scott Kuggeleijn",71,2,48,"All","All","All",35.5,8.875
"Chennai Super Kings","Scott Styris",13,0,6,"All","All","All",Inf,13
"Chennai Super Kings","Shadab Jakati",1180,45,913,"All","All","All",26.2222222222222,7.75465498357065
"Chennai Super Kings","Shane Watson",251,6,168,"All","All","All",41.8333333333333,8.96428571428572
"Chennai Super Kings","Shardul Thakur",1514,55,1013,"All","All","All",27.5272727272727,8.96742349457058
"Chennai Super Kings","Shivam Dube",36,0,12,"All","All","All",Inf,18
"Chennai Super Kings","Simarjeet Singh",138,4,108,"All","All","All",34.5,7.66666666666667
"Chennai Super Kings","Sudeep Tyagi",295,6,209,"All","All","All",49.1666666666667,8.4688995215311
"Chennai Super Kings","Suraj Randiv",223,6,174,"All","All","All",37.1666666666667,7.68965517241379
"Chennai Super Kings","Suresh Raina",934,24,776,"All","All","All",38.9166666666667,7.22164948453608
"Chennai Super Kings","Thilan Thushara",161,8,135,"All","All","All",20.125,7.15555555555556
"Chennai Super Kings","Thisara Perera",19,0,6,"All","All","All",Inf,19
"Chennai Super Kings","Tim Southee",166,4,114,"All","All","All",41.5,8.73684210526316
"Chennai Super Kings","Tushar Deshpande",63,1,42,"All","All","All",63,9
"Chennai Super Kings","Vidyut Sivaramakrishnan",22,1,12,"All","All","All",22,11
"Chennai Super Kings","Vijay Shankar",19,0,6,"All","All","All",Inf,19
"Chennai Super Kings","Yo Mahesh",81,3,56,"All","All","All",27,8.67857142857143
"Deccan Chargers","Abhishek Jhunjhunwala",38,1,36,"All","All","All",38,6.33333333333333
"Deccan Chargers","Amit Mishra",735,32,602,"All","All","All",22.96875,7.32558139534884
"Deccan Chargers","Anand Rajan",159,6,101,"All","All","All",26.5,9.44554455445545
"Deccan Chargers","Andrew Symonds",633,19,503,"All","All","All",33.3157894736842,7.5506958250497
"Deccan Chargers","Ankit Sharma",165,4,145,"All","All","All",41.25,6.82758620689655
"Deccan Chargers","Ashish Reddy",237,11,163,"All","All","All",21.5454545454545,8.7239263803681
"Deccan Chargers","Bharat Chipli",20,0,6,"All","All","All",Inf,20
"Deccan Chargers","Cameron White",27,0,18,"All","All","All",Inf,9
"Deccan Chargers","Chamara Silva",21,0,6,"All","All","All",Inf,21
"Deccan Chargers","Chaminda Vaas",355,18,282,"All","All","All",19.7222222222222,7.5531914893617
"Deccan Chargers","Dale Steyn",584,32,553,"All","All","All",18.25,6.33634719710669
"Deccan Chargers","Dan Christian",583,19,436,"All","All","All",30.6842105263158,8.02293577981651
"Deccan Chargers","Daniel Harris",26,0,18,"All","All","All",Inf,8.66666666666667
"Deccan Chargers","Doddapaneni Kalyankrishna",87,2,48,"All","All","All",43.5,10.875
"Deccan Chargers","Dwaraka Ravi Teja",28,1,18,"All","All","All",28,9.33333333333333
"Deccan Chargers","Dwayne Smith",160,2,107,"All","All","All",80,8.97196261682243
"Deccan Chargers","Fidel Edwards",154,5,140,"All","All","All",30.8,6.6
"Deccan Chargers","Harmeet Singh",419,14,323,"All","All","All",29.9285714285714,7.78328173374613
"Deccan Chargers","Ishan Malhotra",23,0,6,"All","All","All",Inf,23
"Deccan Chargers","Ishant Sharma",314,11,264,"All","All","All",28.5454545454545,7.13636363636364
"Deccan Chargers","Jaskaran Singh",171,6,102,"All","All","All",28.5,10.0588235294118
"Deccan Chargers","Jean-Paul Duminy",247,5,180,"All","All","All",49.4,8.23333333333333
"Deccan Chargers","Kemar Roach",80,0,48,"All","All","All",Inf,10
"Deccan Chargers","Manpreet Gony",292,7,198,"All","All","All",41.7142857142857,8.84848484848485
"Deccan Chargers","Mitchell Marsh",88,2,60,"All","All","All",44,8.8
"Deccan Chargers","Nuwan Zoysa",99,2,66,"All","All","All",49.5,9
"Deccan Chargers","PM Sarvesh Kumar",42,1,30,"All","All","All",42,8.4
"Deccan Chargers","Paidikalva Vijaykumar",199,4,152,"All","All","All",49.75,7.85526315789474
"Deccan Chargers","Pragyan Ojha",1328,60,1117,"All","All","All",22.1333333333333,7.13339301700985
"Deccan Chargers","RP Singh",1229,51,918,"All","All","All",24.0980392156863,8.03267973856209
"Deccan Chargers","Rahul Sharma",167,5,124,"All","All","All",33.4,8.08064516129032
"Deccan Chargers","Rohit Sharma",339,14,276,"All","All","All",24.2142857142857,7.3695652173913
"Deccan Chargers","Rusty Theron",66,2,48,"All","All","All",33,8.25
"Deccan Chargers","Ryan Harris",463,20,370,"All","All","All",23.15,7.50810810810811
"Deccan Chargers","Sanjay Bangar",219,4,150,"All","All","All",54.75,8.76
"Deccan Chargers","Scott Styris",263,8,210,"All","All","All",32.875,7.51428571428571
"Deccan Chargers","Shahid Afridi",225,9,180,"All","All","All",25,7.5
"Deccan Chargers","Shikhar Dhawan",66,4,48,"All","All","All",16.5,8.25
"Deccan Chargers","Shoaib Ahmed",152,5,102,"All","All","All",30.4,8.94117647058824
"Deccan Chargers","TP Sudhindra",136,1,70,"All","All","All",136,11.6571428571429
"Deccan Chargers","Tirumalasetti Suman",132,5,102,"All","All","All",26.4,7.76470588235294
"Deccan Chargers","Veer Pratap Singh",296,10,204,"All","All","All",29.6,8.70588235294118
"Deccan Chargers","Venugopal Rao",269,6,180,"All","All","All",44.8333333333333,8.96666666666667
"Delhi Capitals","Aaron Finch",13,0,12,"All","All","All",Inf,6.5
"Delhi Capitals","Aavishkar Salvi",200,7,150,"All","All","All",28.5714285714286,8
"Delhi Capitals","Ajit Agarkar",457,11,308,"All","All","All",41.5454545454545,8.9025974025974
"Delhi Capitals","Albie Morkel",109,3,72,"All","All","All",36.3333333333333,9.08333333333333
"Delhi Capitals","Amit Mishra",2507,106,2045,"All","All","All",23.6509433962264,7.35550122249389
"Delhi Capitals","Andre Russell",229,1,138,"All","All","All",229,9.95652173913044
"Delhi Capitals","Andrew McDonald",183,5,114,"All","All","All",36.6,9.63157894736842
"Delhi Capitals","Angelo Mathews",302,7,210,"All","All","All",43.1428571428571,8.62857142857143
"Delhi Capitals","Anrich Nortje",916,43,682,"All","All","All",21.3023255813953,8.05865102639296
"Delhi Capitals","Ashish Nehra",758,36,606,"All","All","All",21.0555555555556,7.5049504950495
"Delhi Capitals","Ashok Dinda",152,5,102,"All","All","All",30.4,8.94117647058824
"Delhi Capitals","Avesh Khan",726,28,522,"All","All","All",25.9285714285714,8.3448275862069
"Delhi Capitals","Axar Patel",1318,40,1146,"All","All","All",32.95,6.90052356020942
"Delhi Capitals","Ben Rohrer",12,0,6,"All","All","All",Inf,12
"Delhi Capitals","Brett Geeves",91,1,48,"All","All","All",91,11.375
"Delhi Capitals","Carlos Brathwaite",252,8,175,"All","All","All",31.5,8.64
"Delhi Capitals","Chetan Sakariya",84,3,66,"All","All","All",28,7.63636363636364
"Delhi Capitals","Chris Morris",997,41,732,"All","All","All",24.3170731707317,8.17213114754098
"Delhi Capitals","Chris Woakes",82,5,66,"All","All","All",16.4,7.45454545454546
"Delhi Capitals","Corey Anderson",186,3,113,"All","All","All",62,9.87610619469027
"Delhi Capitals","Dan Christian",101,4,71,"All","All","All",25.25,8.53521126760563
"Delhi Capitals","Daniel Sams",114,0,72,"All","All","All",Inf,9.5
"Delhi Capitals","Daniel Vettori",332,11,257,"All","All","All",30.1818181818182,7.75097276264592
"Delhi Capitals","Dirk Nannes",596,22,502,"All","All","All",27.0909090909091,7.12350597609562
"Delhi Capitals","Domnic Muthuswami",101,4,84,"All","All","All",25.25,7.21428571428571
"Delhi Capitals","Doug Bracewell",32,3,24,"All","All","All",10.6666666666667,8
"Delhi Capitals","Farveez Maharoof",520,27,420,"All","All","All",19.2592592592593,7.42857142857143
"Delhi Capitals","Glenn Maxwell",154,6,114,"All","All","All",25.6666666666667,8.10526315789474
"Delhi Capitals","Glenn McGrath",357,12,324,"All","All","All",29.75,6.61111111111111
"Delhi Capitals","Gurinder Sandhu",82,1,48,"All","All","All",82,10.25
"Delhi Capitals","Hanuma Vihari",9,0,6,"All","All","All",Inf,9
"Delhi Capitals","Harshal Patel",378,12,243,"All","All","All",31.5,9.33333333333333
"Delhi Capitals","Imran Tahir",623,29,434,"All","All","All",21.4827586206897,8.61290322580645
"Delhi Capitals","Irfan Pathan",1191,29,943,"All","All","All",41.0689655172414,7.5779427359491
"Delhi Capitals","Ishant Sharma",472,14,366,"All","All","All",33.7142857142857,7.73770491803279
"Delhi Capitals","Jagadeesha Suchith",28,2,24,"All","All","All",14,7
"Delhi Capitals","James Hopes",272,7,192,"All","All","All",38.8571428571429,8.5
"Delhi Capitals","James Neesham",91,1,54,"All","All","All",91,10.1111111111111
"Delhi Capitals","Jayant Yadav",196,4,180,"All","All","All",49,6.53333333333333
"Delhi Capitals","Jaydev Unadkat",300,9,205,"All","All","All",33.3333333333333,8.78048780487805
"Delhi Capitals","Jean-Paul Duminy",421,13,342,"All","All","All",32.3846153846154,7.3859649122807
"Delhi Capitals","Jeevan Mendis",36,1,30,"All","All","All",36,7.2
"Delhi Capitals","Johan Botha",109,5,100,"All","All","All",21.8,6.54
"Delhi Capitals","Junior Dala",34,0,18,"All","All","All",Inf,11.3333333333333
"Delhi Capitals","Kagiso Rabada",1560,76,1140,"All","All","All",20.5263157894737,8.21052631578947
"Delhi Capitals","Kamlesh Nagarkoti",29,0,12,"All","All","All",Inf,14.5
"Delhi Capitals","Keemo Paul",237,9,163,"All","All","All",26.3333333333333,8.7239263803681
"Delhi Capitals","Kevin Pietersen",53,0,36,"All","All","All",Inf,8.83333333333333
"Delhi Capitals","Khaleel Ahmed",315,16,235,"All","All","All",19.6875,8.04255319148936
"Delhi Capitals","Kuldeep Yadav",419,21,298,"All","All","All",19.952380952381,8.43624161073825
"Delhi Capitals","Lalit Yadav",251,8,192,"All","All","All",31.375,7.84375
"Delhi Capitals","Laxmi Shukla",83,1,56,"All","All","All",83,8.89285714285714
"Delhi Capitals","Liam Plunkett",225,4,150,"All","All","All",56.25,9
"Delhi Capitals","Lukman Meriwala",32,1,18,"All","All","All",32,10.6666666666667
"Delhi Capitals","Manoj Tiwary",39,0,18,"All","All","All",Inf,13
"Delhi Capitals","Marcus Stoinis",400,15,245,"All","All","All",26.6666666666667,9.79591836734694
"Delhi Capitals","Marlon Samuels",34,0,18,"All","All","All",Inf,11.3333333333333
"Delhi Capitals","Mitchell Marsh",102,4,72,"All","All","All",25.5,8.5
"Delhi Capitals","Mohammad Asif",296,8,192,"All","All","All",37,9.25
"Delhi Capitals","Mohammed Shami",1000,20,654,"All","All","All",50,9.1743119266055
"Delhi Capitals","Mohit Sharma",45,1,24,"All","All","All",45,11.25
"Delhi Capitals","Moises Henriques",35,1,24,"All","All","All",35,8.75
"Delhi Capitals","Morne Morkel",1113,45,876,"All","All","All",24.7333333333333,7.62328767123288
"Delhi Capitals","Murali Vijay",13,0,6,"All","All","All",Inf,13
"Delhi Capitals","Mustafizur Rahman",244,8,192,"All","All","All",30.5,7.625
"Delhi Capitals","Nathan Coulter-Nile",462,20,369,"All","All","All",23.1,7.51219512195122
"Delhi Capitals","Pat Cummins",373,15,277,"All","All","All",24.8666666666667,8.07942238267148
"Delhi Capitals","Paul Collingwood",101,5,89,"All","All","All",20.2,6.80898876404494
"Delhi Capitals","Pawan Negi",264,8,210,"All","All","All",33,7.54285714285714
"Delhi Capitals","Pradeep Sangwan",833,29,610,"All","All","All",28.7241379310345,8.19344262295082
"Delhi Capitals","Praveen Dubey",72,0,48,"All","All","All",Inf,9
"Delhi Capitals","Rahul Sharma",65,1,36,"All","All","All",65,10.8333333333333
"Delhi Capitals","Rahul Shukla",98,2,54,"All","All","All",49,10.8888888888889
"Delhi Capitals","Rahul Tewatia",215,8,170,"All","All","All",26.875,7.58823529411765
"Delhi Capitals","Rajat Bhatia",461,19,358,"All","All","All",24.2631578947368,7.72625698324022
"Delhi Capitals","Ravichandran Ashwin",722,20,574,"All","All","All",36.1,7.54703832752613
"Delhi Capitals","Ripal Patel",22,0,18,"All","All","All",Inf,7.33333333333333
"Delhi Capitals","Roelof van der Merwe",223,10,215,"All","All","All",22.3,6.22325581395349
"Delhi Capitals","Rovman Powell",17,0,6,"All","All","All",Inf,17
"Delhi Capitals","Sandeep Lamichhane",292,13,210,"All","All","All",22.4615384615385,8.34285714285714
"Delhi Capitals","Sarabjit Ladda",143,4,90,"All","All","All",35.75,9.53333333333333
"Delhi Capitals","Shahbaz Nadeem",1480,40,1205,"All","All","All",37,7.36929460580913
"Delhi Capitals","Shardul Thakur",473,15,290,"All","All","All",31.5333333333333,9.78620689655173
"Delhi Capitals","Sherfane Rutherford",59,1,41,"All","All","All",59,8.63414634146341
"Delhi Capitals","Shoaib Malik",85,2,51,"All","All","All",42.5,10
"Delhi Capitals","Siddarth Kaul",296,6,209,"All","All","All",49.3333333333333,8.49760765550239
"Delhi Capitals","Sridharan Sriram",25,0,6,"All","All","All",Inf,25
"Delhi Capitals","Sunny Gupta",47,0,18,"All","All","All",Inf,15.6666666666667
"Delhi Capitals","Tillakaratne Dilshan",171,4,151,"All","All","All",42.75,6.79470198675497
"Delhi Capitals","Tom Curran",104,4,68,"All","All","All",26,9.17647058823529
"Delhi Capitals","Trent Boult",629,23,430,"All","All","All",27.3478260869565,8.77674418604651
"Delhi Capitals","Tushar Deshpande",192,3,102,"All","All","All",64,11.2941176470588
"Delhi Capitals","Umesh Yadav",1313,43,965,"All","All","All",30.5348837209302,8.16373056994819
"Delhi Capitals","Varun Aaron",353,10,258,"All","All","All",35.3,8.2093023255814
"Delhi Capitals","Venugopal Rao",52,0,24,"All","All","All",Inf,13
"Delhi Capitals","Vijay Shankar",58,1,30,"All","All","All",58,11.6
"Delhi Capitals","Virender Sehwag",235,6,136,"All","All","All",39.1666666666667,10.3676470588235
"Delhi Capitals","Wayne Parnell",223,6,181,"All","All","All",37.1666666666667,7.39226519337017
"Delhi Capitals","Yo Mahesh",418,18,283,"All","All","All",23.2222222222222,8.86219081272085
"Delhi Capitals","Yogesh Nagar",125,4,66,"All","All","All",31.25,11.3636363636364
"Delhi Capitals","Yuvraj Singh",72,1,54,"All","All","All",72,8
"Delhi Capitals","Zaheer Khan",806,27,648,"All","All","All",29.8518518518519,7.46296296296296
"Gujarat Lions","Andrew Tye",141,12,126,"All","All","All",11.75,6.71428571428571
"Gujarat Lions","Ankit Soni",144,2,109,"All","All","All",72,7.92660550458716
"Gujarat Lions","Basil Thampi",424,11,268,"All","All","All",38.5454545454545,9.49253731343284
"Gujarat Lions","Dale Steyn",17,0,12,"All","All","All",Inf,8.5
"Gujarat Lions","Dhawal Kulkarni",537,21,407,"All","All","All",25.5714285714286,7.91646191646192
"Gujarat Lions","Dwayne Bravo",494,17,336,"All","All","All",29.0588235294118,8.82142857142857
"Gujarat Lions","Dwayne Smith",301,10,186,"All","All","All",30.1,9.70967741935484
"Gujarat Lions","Irfan Pathan",26,0,12,"All","All","All",Inf,13
"Gujarat Lions","James Faulkner",425,8,260,"All","All","All",53.125,9.80769230769231
"Gujarat Lions","Manpreet Gony",32,0,12,"All","All","All",Inf,16
"Gujarat Lions","Munaf Patel",57,1,42,"All","All","All",57,8.14285714285714
"Gujarat Lions","Nathu Singh",15,1,24,"All","All","All",15,3.75
"Gujarat Lions","Pradeep Sangwan",230,5,132,"All","All","All",46,10.4545454545455
"Gujarat Lions","Praveen Kumar",552,15,408,"All","All","All",36.8,8.11764705882353
"Gujarat Lions","Pravin Tambe",143,5,96,"All","All","All",28.6,8.9375
"Gujarat Lions","Ravindra Jadeja",660,13,469,"All","All","All",50.7692307692308,8.44349680170576
"Gujarat Lions","Sarabjit Ladda",21,0,12,"All","All","All",Inf,10.5
"Gujarat Lions","Shadab Jakati",230,2,150,"All","All","All",115,9.2
"Gujarat Lions","Shivil Kaushik",297,6,204,"All","All","All",49.5,8.73529411764706
"Gujarat Lions","Shubham Agarwal",42,1,24,"All","All","All",42,10.5
"Gujarat Lions","Suresh Raina",184,1,132,"All","All","All",184,8.36363636363636
"Gujarat Lions","Tejas Baroka",33,0,21,"All","All","All",Inf,9.42857142857143
"Gujarat Titans","Alzarri Joseph",264,7,180,"All","All","All",37.7142857142857,8.8
"Gujarat Titans","Darshan Nalkande",59,2,31,"All","All","All",29.5,11.4193548387097
"Gujarat Titans","Hardik Pandya",222,8,183,"All","All","All",27.75,7.27868852459016
"Gujarat Titans","Lockie Ferguson",427,12,286,"All","All","All",35.5833333333333,8.95804195804196
"Gujarat Titans","Mohammed Shami",488,20,366,"All","All","All",24.4,8
"Gujarat Titans","Pradeep Sangwan",65,3,54,"All","All","All",21.6666666666667,7.22222222222222
"Gujarat Titans","Rahul Tewatia",76,0,36,"All","All","All",Inf,12.6666666666667
"Gujarat Titans","Rashid Khan",421,19,383,"All","All","All",22.1578947368421,6.59530026109661
"Gujarat Titans","Ravisrinivasan Sai Kishore",121,6,96,"All","All","All",20.1666666666667,7.5625
"Gujarat Titans","Varun Aaron",52,2,30,"All","All","All",26,10.4
"Gujarat Titans","Vijay Shankar",15,0,9,"All","All","All",Inf,10
"Gujarat Titans","Yash Dayal",296,11,192,"All","All","All",26.9090909090909,9.25
"Kochi Tuskers Kerala","Balachandra Akhil",21,0,12,"All","All","All",Inf,10.5
"Kochi Tuskers Kerala","Brad Hodge",77,7,66,"All","All","All",11,7
"Kochi Tuskers Kerala","Gnaneswara Rao",7,0,6,"All","All","All",Inf,7
"Kochi Tuskers Kerala","Muthiah Muralidaran",141,2,114,"All","All","All",70.5,7.42105263157895
"Kochi Tuskers Kerala","Padmanabhan Prasanth",18,0,6,"All","All","All",Inf,18
"Kochi Tuskers Kerala","Prasanth Parameswaran",137,4,94,"All","All","All",34.25,8.74468085106383
"Kochi Tuskers Kerala","RP Singh",345,13,300,"All","All","All",26.5384615384615,6.9
"Kochi Tuskers Kerala","Raiphi Gomez",124,5,90,"All","All","All",24.8,8.26666666666667
"Kochi Tuskers Kerala","Ramesh Powar",112,2,72,"All","All","All",56,9.33333333333333
"Kochi Tuskers Kerala","Ravindra Jadeja",305,8,252,"All","All","All",38.125,7.26190476190476
"Kochi Tuskers Kerala","Sreesanth",206,7,191,"All","All","All",29.4285714285714,6.47120418848167
"Kochi Tuskers Kerala","Thisara Perera",111,2,84,"All","All","All",55.5,7.92857142857143
"Kochi Tuskers Kerala","Vinay Kumar",335,12,268,"All","All","All",27.9166666666667,7.5
"Kolkata Knight Riders","Ajantha Mendis",207,6,168,"All","All","All",34.5,7.39285714285714
"Kolkata Knight Riders","Ajit Agarkar",694,18,474,"All","All","All",38.5555555555556,8.78481012658228
"Kolkata Knight Riders","Aman Hakim Khan",13,0,6,"All","All","All",Inf,13
"Kolkata Knight Riders","Andre Russell",1950,88,1292,"All","All","All",22.1590909090909,9.05572755417957
"Kolkata Knight Riders","Angelo Mathews",345,8,239,"All","All","All",43.125,8.66108786610879
"Kolkata Knight Riders","Ankit Rajpoot",205,7,150,"All","All","All",29.2857142857143,8.2
"Kolkata Knight Riders","Anukul Roy",55,1,42,"All","All","All",55,7.85714285714286
"Kolkata Knight Riders","Anureet Singh",47,2,30,"All","All","All",23.5,9.4
"Kolkata Knight Riders","Ashok Dinda",605,22,517,"All","All","All",27.5,7.02127659574468
"Kolkata Knight Riders","Azhar Mahmood",41,0,18,"All","All","All",Inf,13.6666666666667
"Kolkata Knight Riders","Brad Hodge",202,9,150,"All","All","All",22.4444444444444,8.08
"Kolkata Knight Riders","Brad Hogg",286,13,222,"All","All","All",22,7.72972972972973
"Kolkata Knight Riders","Brett Lee",723,16,572,"All","All","All",45.1875,7.58391608391608
"Kolkata Knight Riders","Carlos Brathwaite",29,0,18,"All","All","All",Inf,9.66666666666667
"Kolkata Knight Riders","Charl Langeveldt",103,8,90,"All","All","All",12.875,6.86666666666667
"Kolkata Knight Riders","Chris Gayle",296,5,209,"All","All","All",59.2,8.49760765550239
"Kolkata Knight Riders","Chris Green",24,0,17,"All","All","All",Inf,8.47058823529412
"Kolkata Knight Riders","Chris Woakes",386,17,264,"All","All","All",22.7058823529412,8.77272727272727
"Kolkata Knight Riders","Colin Munro",15,0,12,"All","All","All",Inf,7.5
"Kolkata Knight Riders","Colin de Grandhomme",135,4,96,"All","All","All",33.75,8.4375
"Kolkata Knight Riders","David Hussey",244,2,162,"All","All","All",122,9.03703703703704
"Kolkata Knight Riders","Harbhajan Singh",63,0,42,"All","All","All",Inf,9
"Kolkata Knight Riders","Harry Gurney",238,7,162,"All","All","All",34,8.81481481481481
"Kolkata Knight Riders","Harshit Rana",51,1,30,"All","All","All",51,10.2
"Kolkata Knight Riders","Iqbal Abdulla",674,28,614,"All","All","All",24.0714285714286,6.58631921824104
"Kolkata Knight Riders","Ishant Sharma",862,25,661,"All","All","All",34.48,7.82450832072617
"Kolkata Knight Riders","Jacques Kallis",1153,42,918,"All","All","All",27.452380952381,7.5359477124183
"Kolkata Knight Riders","Jason Holder",103,2,78,"All","All","All",51.5,7.92307692307692
"Kolkata Knight Riders","Javon Searles",89,2,42,"All","All","All",44.5,12.7142857142857
"Kolkata Knight Riders","Jaydev Unadkat",316,10,206,"All","All","All",31.6,9.20388349514563
"Kolkata Knight Riders","Johan Botha",81,1,60,"All","All","All",81,8.1
"Kolkata Knight Riders","John Hastings",37,2,40,"All","All","All",18.5,5.55
"Kolkata Knight Riders","KC Cariappa",62,1,24,"All","All","All",62,15.5
"Kolkata Knight Riders","Kamlesh Nagarkoti",256,5,168,"All","All","All",51.2,9.14285714285714
"Kolkata Knight Riders","Kuldeep Yadav",1236,40,896,"All","All","All",30.9,8.27678571428572
"Kolkata Knight Riders","Lakshmipathy Balaji",920,33,746,"All","All","All",27.8787878787879,7.39946380697051
"Kolkata Knight Riders","Laxmi Shukla",364,14,258,"All","All","All",26,8.46511627906977
"Kolkata Knight Riders","Lockie Ferguson",555,21,401,"All","All","All",26.4285714285714,8.30423940149626
"Kolkata Knight Riders","Manoj Tiwary",34,1,18,"All","All","All",34,11.3333333333333
"Kolkata Knight Riders","Marchant de Lange",107,3,60,"All","All","All",35.6666666666667,10.7
"Kolkata Knight Riders","Mashrafe Mortaza",58,0,24,"All","All","All",Inf,14.5
"Kolkata Knight Riders","Mitchell Johnson",216,2,126,"All","All","All",108,10.2857142857143
"Kolkata Knight Riders","Mohammad Hafeez",68,2,60,"All","All","All",34,6.8
"Kolkata Knight Riders","Mohammed Shami",78,1,54,"All","All","All",78,8.66666666666667
"Kolkata Knight Riders","Mohnish Parmar",33,0,18,"All","All","All",Inf,11
"Kolkata Knight Riders","Moises Henriques",107,2,73,"All","All","All",53.5,8.79452054794521
"Kolkata Knight Riders","Morne Morkel",870,32,669,"All","All","All",27.1875,7.80269058295964
"Kolkata Knight Riders","Murali Kartik",581,16,526,"All","All","All",36.3125,6.62737642585551
"Kolkata Knight Riders","Nathan Coulter-Nile",228,15,170,"All","All","All",15.2,8.04705882352941
"Kolkata Knight Riders","Nitish Rana",174,7,121,"All","All","All",24.8571428571429,8.62809917355372
"Kolkata Knight Riders","Pat Cummins",984,30,676,"All","All","All",32.8,8.73372781065089
"Kolkata Knight Riders","Piyush Chawla",1835,66,1340,"All","All","All",27.8030303030303,8.21641791044776
"Kolkata Knight Riders","Pradeep Sangwan",93,1,48,"All","All","All",93,11.625
"Kolkata Knight Riders","Prasidh Krishna",1152,30,746,"All","All","All",38.4,9.26541554959785
"Kolkata Knight Riders","Prithvi Raj",57,1,30,"All","All","All",57,11.4
"Kolkata Knight Riders","Rajagopal Sathish",59,1,36,"All","All","All",59,9.83333333333333
"Kolkata Knight Riders","Rajat Bhatia",931,32,774,"All","All","All",29.09375,7.21705426356589
"Kolkata Knight Riders","Rasikh Salam",28,0,24,"All","All","All",Inf,7
"Kolkata Knight Riders","Rohan Gavaskar",8,0,6,"All","All","All",Inf,8
"Kolkata Knight Riders","Ryan McLaren",94,3,42,"All","All","All",31.3333333333333,13.4285714285714
"Kolkata Knight Riders","Ryan ten Doeschate",94,2,78,"All","All","All",47,7.23076923076923
"Kolkata Knight Riders","Sachithra Senanayake",209,9,192,"All","All","All",23.2222222222222,6.53125
"Kolkata Knight Riders","Sandeep Warrier",134,2,102,"All","All","All",67,7.88235294117647
"Kolkata Knight Riders","Sarabjit Ladda",60,1,36,"All","All","All",60,10
"Kolkata Knight Riders","Shakib Al Hasan",1288,47,1077,"All","All","All",27.4042553191489,7.17548746518106
"Kolkata Knight Riders","Shane Bond",224,9,186,"All","All","All",24.8888888888889,7.2258064516129
"Kolkata Knight Riders","Shivam Mavi",942,30,649,"All","All","All",31.4,8.70878274268105
"Kolkata Knight Riders","Shoaib Akhtar",54,5,42,"All","All","All",10.8,7.71428571428572
"Kolkata Knight Riders","Shreyas Iyer",7,0,6,"All","All","All",Inf,7
"Kolkata Knight Riders","Sourav Ganguly",268,8,216,"All","All","All",33.5,7.44444444444444
"Kolkata Knight Riders","Sourav Sarkar",34,1,25,"All","All","All",34,8.16
"Kolkata Knight Riders","Sumit Narwal",17,0,12,"All","All","All",Inf,8.5
"Kolkata Knight Riders","Sunil Narine",3820,152,3457,"All","All","All",25.1315789473684,6.63002603413364
"Kolkata Knight Riders","Suryakumar Yadav",8,0,6,"All","All","All",Inf,8
"Kolkata Knight Riders","Tim Southee",370,17,282,"All","All","All",21.7647058823529,7.87234042553191
"Kolkata Knight Riders","Tom Curran",118,6,61,"All","All","All",19.6666666666667,11.6065573770492
"Kolkata Knight Riders","Trent Boult",216,5,143,"All","All","All",43.2,9.06293706293706
"Kolkata Knight Riders","Umar Gul",184,12,135,"All","All","All",15.3333333333333,8.17777777777778
"Kolkata Knight Riders","Umesh Yadav",1732,64,1257,"All","All","All",27.0625,8.2673031026253
"Kolkata Knight Riders","Varun Chakravarthy",1136,41,954,"All","All","All",27.7073170731707,7.14465408805031
"Kolkata Knight Riders","Venkatesh Iyer",115,3,75,"All","All","All",38.3333333333333,9.2
"Kolkata Knight Riders","Vinay Kumar",346,9,215,"All","All","All",38.4444444444444,9.65581395348837
"Kolkata Knight Riders","Yusuf Pathan",674,21,546,"All","All","All",32.0952380952381,7.40659340659341
"Lucknow Super Giants","Andrew Tye",107,2,66,"All","All","All",53.5,9.72727272727273
"Lucknow Super Giants","Avesh Khan",416,19,286,"All","All","All",21.8947368421053,8.72727272727273
"Lucknow Super Giants","Ayush Badoni",11,2,12,"All","All","All",5.5,5.5
"Lucknow Super Giants","Deepak Hooda",43,1,24,"All","All","All",43,10.75
"Lucknow Super Giants","Dushmantha Chameera",384,9,264,"All","All","All",42.6666666666667,8.72727272727273
"Lucknow Super Giants","Jason Holder",391,14,249,"All","All","All",27.9285714285714,9.42168674698795
"Lucknow Super Giants","Krishnappa Gowtham",99,5,72,"All","All","All",19.8,8.25
"Lucknow Super Giants","Krunal Pandya",265,10,228,"All","All","All",26.5,6.97368421052632
"Lucknow Super Giants","Marcus Stoinis",79,4,42,"All","All","All",19.75,11.2857142857143
"Lucknow Super Giants","Mohsin Khan",197,14,198,"All","All","All",14.0714285714286,5.96969696969697
"Lucknow Super Giants","Ravi Bishnoi",456,13,324,"All","All","All",35.0769230769231,8.44444444444444
"Mumbai Indians","Abhishek Nayar",152,5,114,"All","All","All",30.4,8
"Mumbai Indians","Abu Nechim",257,8,186,"All","All","All",32.125,8.29032258064516
"Mumbai Indians","Adam Milne",131,3,84,"All","All","All",43.6666666666667,9.35714285714286
"Mumbai Indians","Ajinkya Rahane",5,1,6,"All","All","All",5,5
"Mumbai Indians","Akila Dananjaya",47,0,24,"All","All","All",Inf,11.75
"Mumbai Indians","Ali Murtaza",208,6,192,"All","All","All",34.6666666666667,6.5
"Mumbai Indians","Alzarri Joseph",87,6,52,"All","All","All",14.5,10.0384615384615
"Mumbai Indians","Andre Nel",31,1,18,"All","All","All",31,10.3333333333333
"Mumbai Indians","Andrew Symonds",41,1,24,"All","All","All",41,10.25
"Mumbai Indians","Anukul Roy",11,1,12,"All","All","All",11,5.5
"Mumbai Indians","Ashish Nehra",348,12,269,"All","All","All",29,7.76208178438662
"Mumbai Indians","Barinder Sran",51,0,24,"All","All","All",Inf,12.75
"Mumbai Indians","Basil Thampi",152,5,96,"All","All","All",30.4,9.5
"Mumbai Indians","Ben Cutting",195,3,114,"All","All","All",65,10.2631578947368
"Mumbai Indians","Chetanya Nanda",57,2,48,"All","All","All",28.5,7.125
"Mumbai Indians","Clint McKay",60,1,42,"All","All","All",60,8.57142857142857
"Mumbai Indians","Corey Anderson",217,5,132,"All","All","All",43.4,9.86363636363636
"Mumbai Indians","Daniel Sams",370,13,252,"All","All","All",28.4615384615385,8.80952380952381
"Mumbai Indians","Dewald Brevis",8,1,3,"All","All","All",8,16
"Mumbai Indians","Dhawal Kulkarni",916,36,679,"All","All","All",25.4444444444444,8.09425625920471
"Mumbai Indians","Dilhara Fernando",294,17,234,"All","All","All",17.2941176470588,7.53846153846154
"Mumbai Indians","Dominic Thornely",40,3,42,"All","All","All",13.3333333333333,5.71428571428571
"Mumbai Indians","Dwayne Bravo",719,26,526,"All","All","All",27.6538461538462,8.20152091254753
"Mumbai Indians","Dwayne Smith",237,9,174,"All","All","All",26.3333333333333,8.17241379310345
"Mumbai Indians","Fabian Allen",46,1,24,"All","All","All",46,11.5
"Mumbai Indians","Glenn Maxwell",23,0,12,"All","All","All",Inf,11.5
"Mumbai Indians","Graham Napier",27,1,24,"All","All","All",27,6.75
"Mumbai Indians","Harbhajan Singh",3385,127,2919,"All","All","All",26.6535433070866,6.95786228160329
"Mumbai Indians","Hardik Pandya",1313,42,869,"All","All","All",31.2619047619048,9.06559263521289
"Mumbai Indians","Hrithik Shokeen",127,2,90,"All","All","All",63.5,8.46666666666667
"Mumbai Indians","Jacob Oram",22,0,24,"All","All","All",Inf,5.5
"Mumbai Indians","Jagadeesha Suchith",368,10,246,"All","All","All",36.8,8.97560975609756
"Mumbai Indians","James Franklin",220,9,151,"All","All","All",24.4444444444444,8.74172185430464
"Mumbai Indians","James Neesham",66,5,54,"All","All","All",13.2,7.33333333333333
"Mumbai Indians","James Pattinson",320,11,213,"All","All","All",29.0909090909091,9.01408450704225
"Mumbai Indians","Jason Behrendorff",165,5,114,"All","All","All",33,8.68421052631579
"Mumbai Indians","Jasprit Bumrah",3378,145,2742,"All","All","All",23.2965517241379,7.39168490153173
"Mumbai Indians","Jayant Yadav",223,4,186,"All","All","All",55.75,7.19354838709677
"Mumbai Indians","Jaydev Unadkat",190,6,120,"All","All","All",31.6666666666667,9.5
"Mumbai Indians","Jean-Paul Duminy",166,5,156,"All","All","All",33.2,6.38461538461539
"Mumbai Indians","Karn Sharma",214,13,184,"All","All","All",16.4615384615385,6.97826086956522
"Mumbai Indians","Kieron Pollard",2180,69,1488,"All","All","All",31.5942028985507,8.79032258064516
"Mumbai Indians","Krishmar Santokie",90,3,48,"All","All","All",30,11.25
"Mumbai Indians","Krunal Pandya",1773,51,1444,"All","All","All",34.7647058823529,7.36703601108033
"Mumbai Indians","Kumar Kartikeya",102,5,78,"All","All","All",20.4,7.84615384615385
"Mumbai Indians","Lasith Malinga",3364,170,2827,"All","All","All",19.7882352941176,7.13972408914043
"Mumbai Indians","Lendl Simmons",34,1,18,"All","All","All",34,11.3333333333333
"Mumbai Indians","Marchant de Lange",62,2,48,"All","All","All",31,7.75
"Mumbai Indians","Marco Jansen",45,2,36,"All","All","All",22.5,7.5
"Mumbai Indians","Mayank Markande",484,17,342,"All","All","All",28.4705882352941,8.49122807017544
"Mumbai Indians","Mitchell Johnson",600,31,504,"All","All","All",19.3548387096774,7.14285714285714
"Mumbai Indians","Mitchell McClenaghan",1803,71,1274,"All","All","All",25.3943661971831,8.49136577708006
"Mumbai Indians","Munaf Patel",862,40,696,"All","All","All",21.55,7.43103448275862
"Mumbai Indians","Murugan Ashwin",228,9,174,"All","All","All",25.3333333333333,7.86206896551724
"Mumbai Indians","Musavir Khote",51,2,30,"All","All","All",25.5,10.2
"Mumbai Indians","Mustafizur Rahman",230,7,165,"All","All","All",32.8571428571429,8.36363636363636
"Mumbai Indians","Nathan Coulter-Nile",362,13,300,"All","All","All",27.8461538461538,7.24
"Mumbai Indians","Nitish Rana",3,0,6,"All","All","All",Inf,3
"Mumbai Indians","Pawan Suyal",151,2,96,"All","All","All",75.5,9.4375
"Mumbai Indians","Piyush Chawla",38,1,24,"All","All","All",38,9.5
"Mumbai Indians","Pradeep Sangwan",19,0,12,"All","All","All",Inf,9.5
"Mumbai Indians","Pragyan Ojha",1004,29,782,"All","All","All",34.6206896551724,7.70332480818414
"Mumbai Indians","Praveen Kumar",78,3,72,"All","All","All",26,6.5
"Mumbai Indians","RP Singh",318,10,246,"All","All","All",31.8,7.75609756097561
"Mumbai Indians","Rahil Shaikh",11,0,6,"All","All","All",Inf,11
"Mumbai Indians","Rahul Chahar",1059,41,858,"All","All","All",25.8292682926829,7.4055944055944
"Mumbai Indians","Rahul Shukla",31,0,18,"All","All","All",Inf,10.3333333333333
"Mumbai Indians","Rajagopal Sathish",122,2,79,"All","All","All",61,9.26582278481013
"Mumbai Indians","Ramandeep Singh",54,6,36,"All","All","All",9,9
"Mumbai Indians","Rasikh Salam",42,0,24,"All","All","All",Inf,10.5
"Mumbai Indians","Ray Price",33,0,18,"All","All","All",Inf,11
"Mumbai Indians","Riley Meredith",236,8,168,"All","All","All",29.5,8.42857142857143
"Mumbai Indians","Rishi Dhawan",109,2,90,"All","All","All",54.5,7.26666666666667
"Mumbai Indians","Robin Peterson",70,3,48,"All","All","All",23.3333333333333,8.75
"Mumbai Indians","Rohan Raje",209,6,139,"All","All","All",34.8333333333333,9.02158273381295
"Mumbai Indians","Rohit Sharma",114,1,63,"All","All","All",114,10.8571428571429
"Mumbai Indians","Ryan McLaren",270,4,204,"All","All","All",67.5,7.94117647058824
"Mumbai Indians","Sachin Tendulkar",58,0,36,"All","All","All",Inf,9.66666666666667
"Mumbai Indians","Sanath Jayasuriya",390,13,294,"All","All","All",30,7.95918367346939
"Mumbai Indians","Sanjay Yadav",23,0,12,"All","All","All",Inf,11.5
"Mumbai Indians","Shaun Pollock",301,11,276,"All","All","All",27.3636363636364,6.54347826086956
"Mumbai Indians","Shreyas Gopal",154,7,115,"All","All","All",22,8.03478260869565
"Mumbai Indians","Siddharth Chitnis",60,2,36,"All","All","All",30,10
"Mumbai Indians","Stuart Binny",9,0,6,"All","All","All",Inf,9
"Mumbai Indians","Thisara Perera",27,0,15,"All","All","All",Inf,10.8
"Mumbai Indians","Tilak Varma",13,0,12,"All","All","All",Inf,6.5
"Mumbai Indians","Tim Southee",425,12,318,"All","All","All",35.4166666666667,8.0188679245283
"Mumbai Indians","Tirumalasetti Suman",50,0,36,"All","All","All",Inf,8.33333333333333
"Mumbai Indians","Trent Boult",863,38,652,"All","All","All",22.7105263157895,7.94171779141104
"Mumbai Indians","Tymal Mills",190,6,102,"All","All","All",31.6666666666667,11.1764705882353
"Mumbai Indians","Vikrant Yeligati",59,0,30,"All","All","All",Inf,11.8
"Mumbai Indians","Vinay Kumar",463,12,333,"All","All","All",38.5833333333333,8.34234234234234
"Mumbai Indians","Yuzvendra Chahal",34,0,24,"All","All","All",Inf,8.5
"Mumbai Indians","Zaheer Khan",664,26,550,"All","All","All",25.5384615384615,7.24363636363636
"Pune Warriors","Aaron Finch",49,1,24,"All","All","All",49,12.25
"Pune Warriors","Abhishek Jhunjhunwala",22,0,12,"All","All","All",Inf,11
"Pune Warriors","Abhishek Nayar",59,2,48,"All","All","All",29.5,7.375
"Pune Warriors","Ajantha Mendis",78,2,72,"All","All","All",39,6.5
"Pune Warriors","Alfonso Thomas",406,14,315,"All","All","All",29,7.73333333333333
"Pune Warriors","Ali Murtaza",105,3,72,"All","All","All",35,8.75
"Pune Warriors","Angelo Mathews",432,12,342,"All","All","All",36,7.57894736842105
"Pune Warriors","Ashish Nehra",402,11,288,"All","All","All",36.5454545454545,8.375
"Pune Warriors","Ashok Dinda",634,25,438,"All","All","All",25.36,8.68493150684932
"Pune Warriors","Bhuvneshwar Kumar",719,24,642,"All","All","All",29.9583333333333,6.7196261682243
"Pune Warriors","Ishwar Pandey",50,1,24,"All","All","All",50,12.5
"Pune Warriors","James Faulkner",9,1,12,"All","All","All",9,4.5
"Pune Warriors","Jerome Taylor",157,6,117,"All","All","All",26.1666666666667,8.05128205128205
"Pune Warriors","Jesse Ryder",188,5,134,"All","All","All",37.6,8.41791044776119
"Pune Warriors","Kamran Khan",47,0,18,"All","All","All",Inf,15.6666666666667
"Pune Warriors","Kane Richardson",101,2,71,"All","All","All",50.5,8.53521126760563
"Pune Warriors","Krishnakant Upadhyay",81,0,54,"All","All","All",Inf,9
"Pune Warriors","Luke Wright",124,2,71,"All","All","All",62,10.4788732394366
"Pune Warriors","Marlon Samuels",250,9,196,"All","All","All",27.7777777777778,7.6530612244898
"Pune Warriors","Michael Clarke",67,2,66,"All","All","All",33.5,6.09090909090909
"Pune Warriors","Mitchell Marsh",281,14,201,"All","All","All",20.0714285714286,8.38805970149254
"Pune Warriors","Mithun Manhas",42,0,42,"All","All","All",Inf,6
"Pune Warriors","Murali Kartik",432,5,341,"All","All","All",86.4,7.60117302052786
"Pune Warriors","Nathan McCullum",34,0,30,"All","All","All",Inf,6.8
"Pune Warriors","Parvez Rasool",28,1,30,"All","All","All",28,5.6
"Pune Warriors","Rahul Sharma",854,34,768,"All","All","All",25.1176470588235,6.671875
"Pune Warriors","Raiphi Gomez",5,0,6,"All","All","All",Inf,5
"Pune Warriors","Sachin Rana",2,0,4,"All","All","All",Inf,3
"Pune Warriors","Shrikant Mundhe",6,1,6,"All","All","All",6,6
"Pune Warriors","Shrikant Wagh",121,4,96,"All","All","All",30.25,7.5625
"Pune Warriors","Sourav Ganguly",95,2,60,"All","All","All",47.5,9.5
"Pune Warriors","Steven Smith",5,0,2,"All","All","All",Inf,15
"Pune Warriors","Tirumalasetti Suman",15,1,12,"All","All","All",15,7.5
"Pune Warriors","Wayne Parnell",478,21,391,"All","All","All",22.7619047619048,7.33503836317136
"Pune Warriors","Yuvraj Singh",344,15,306,"All","All","All",22.9333333333333,6.74509803921569
"Punjab Kings","Abhishek Nayar",111,2,67,"All","All","All",55.5,9.94029850746269
"Punjab Kings","Adam Gilchrist",0,1,1,"All","All","All",0,0
"Punjab Kings","Adil Rashid",35,0,18,"All","All","All",Inf,11.6666666666667
"Punjab Kings","Aiden Markram",23,0,24,"All","All","All",Inf,5.75
"Punjab Kings","Andrew Tye",681,27,468,"All","All","All",25.2222222222222,8.73076923076923
"Punjab Kings","Ankit Rajpoot",375,14,253,"All","All","All",26.7857142857143,8.89328063241107
"Punjab Kings","Anureet Singh",534,15,358,"All","All","All",35.6,8.94972067039106
"Punjab Kings","Arshdeep Singh",1054,40,757,"All","All","All",26.35,8.35402906208719
"Punjab Kings","Axar Patel",1765,61,1407,"All","All","All",28.9344262295082,7.52665245202559
"Punjab Kings","Azhar Mahmood",659,29,519,"All","All","All",22.7241379310345,7.61849710982659
"Punjab Kings","Barinder Sran",229,4,132,"All","All","All",57.25,10.4090909090909
"Punjab Kings","Beuran Hendricks",235,9,150,"All","All","All",26.1111111111111,9.4
"Punjab Kings","Bhargav Bhatt",397,12,296,"All","All","All",33.0833333333333,8.0472972972973
"Punjab Kings","Bipul Sharma",272,8,202,"All","All","All",34,8.07920792079208
"Punjab Kings","Brett Lee",372,9,303,"All","All","All",41.3333333333333,7.36633663366337
"Punjab Kings","Chris Gayle",5,0,5,"All","All","All",Inf,6
"Punjab Kings","Chris Jordan",400,13,261,"All","All","All",30.7692307692308,9.19540229885057
"Punjab Kings","David Hussey",192,4,138,"All","All","All",48,8.34782608695652
"Punjab Kings","Deepak Hooda",145,2,102,"All","All","All",72.5,8.52941176470588
"Punjab Kings","Dimitri Mascarenhas",130,7,120,"All","All","All",18.5714285714286,6.5
"Punjab Kings","Fabian Allen",90,1,66,"All","All","All",90,8.18181818181818
"Punjab Kings","Gagandeep Singh",141,3,84,"All","All","All",47,10.0714285714286
"Punjab Kings","Glenn Maxwell",603,13,420,"All","All","All",46.3846153846154,8.61428571428571
"Punjab Kings","Gurkeerat Singh Mann",97,5,78,"All","All","All",19.4,7.46153846153846
"Punjab Kings","Hardus Viljoen",222,7,138,"All","All","All",31.7142857142857,9.65217391304348
"Punjab Kings","Harmeet Singh",278,12,202,"All","All","All",23.1666666666667,8.25742574257426
"Punjab Kings","Harpreet Brar",374,9,288,"All","All","All",41.5555555555556,7.79166666666667
"Punjab Kings","Irfan Pathan",1166,47,898,"All","All","All",24.8085106382979,7.79064587973274
"Punjab Kings","Ishan Porel",39,1,24,"All","All","All",39,9.75
"Punjab Kings","Ishant Sharma",167,0,102,"All","All","All",Inf,9.82352941176471
"Punjab Kings","Jalaj Saxena",27,0,18,"All","All","All",Inf,9
"Punjab Kings","James Faulkner",72,3,48,"All","All","All",24,9
"Punjab Kings","James Hopes",276,7,168,"All","All","All",39.4285714285714,9.85714285714286
"Punjab Kings","James Neesham",148,2,90,"All","All","All",74,9.86666666666667
"Punjab Kings","Jhye Richardson",117,3,66,"All","All","All",39,10.6363636363636
"Punjab Kings","KC Cariappa",286,7,192,"All","All","All",40.8571428571429,8.9375
"Punjab Kings","Kagiso Rabada",406,23,288,"All","All","All",17.6521739130435,8.45833333333333
"Punjab Kings","Karan Goel",93,0,66,"All","All","All",Inf,8.45454545454546
"Punjab Kings","Karanveer Singh",321,12,204,"All","All","All",26.75,9.44117647058824
"Punjab Kings","Krishnappa Gowtham",84,1,48,"All","All","All",84,10.5
"Punjab Kings","Kyle Abbott",177,2,96,"All","All","All",88.5,11.0625
"Punjab Kings","Lakshmipathy Balaji",299,12,204,"All","All","All",24.9166666666667,8.79411764705882
"Punjab Kings","Liam Livingstone",202,6,138,"All","All","All",33.6666666666667,8.78260869565217
"Punjab Kings","Love Ablish",75,3,42,"All","All","All",25,10.7142857142857
"Punjab Kings","Mandeep Singh",26,0,12,"All","All","All",Inf,13
"Punjab Kings","Manoj Tiwary",10,0,6,"All","All","All",Inf,10
"Punjab Kings","Manpreet Gony",256,7,168,"All","All","All",36.5714285714286,9.14285714285714
"Punjab Kings","Marcus Stoinis",424,13,267,"All","All","All",32.6153846153846,9.52808988764045
"Punjab Kings","Matt Henry",71,1,30,"All","All","All",71,14.2
"Punjab Kings","Michael Neser",62,0,24,"All","All","All",Inf,15.5
"Punjab Kings","Mitchell Johnson",886,28,602,"All","All","All",31.6428571428571,8.83056478405316
"Punjab Kings","Mohammed Shami",1324,58,962,"All","All","All",22.8275862068966,8.25779625779626
"Punjab Kings","Mohit Sharma",1150,33,749,"All","All","All",34.8484848484849,9.21228304405875
"Punjab Kings","Moises Henriques",45,4,60,"All","All","All",11.25,4.5
"Punjab Kings","Mujeeb Ur Rahman",563,17,410,"All","All","All",33.1176470588235,8.2390243902439
"Punjab Kings","Murali Kartik",91,1,48,"All","All","All",91,11.375
"Punjab Kings","Murali Vijay",36,0,30,"All","All","All",Inf,7.2
"Punjab Kings","Murugan Ashwin",587,16,459,"All","All","All",36.6875,7.67320261437908
"Punjab Kings","Nathan Ellis",145,4,102,"All","All","All",36.25,8.52941176470588
"Punjab Kings","Nathan Rimmington",19,0,18,"All","All","All",Inf,6.33333333333333
"Punjab Kings","Odean Smith",178,6,90,"All","All","All",29.6666666666667,11.8666666666667
"Punjab Kings","Pardeep Sahu",146,3,105,"All","All","All",48.6666666666667,8.34285714285714
"Punjab Kings","Parvinder Awana",1027,39,747,"All","All","All",26.3333333333333,8.24899598393574
"Punjab Kings","Paul Valthaty",205,7,151,"All","All","All",29.2857142857143,8.14569536423841
"Punjab Kings","Piyush Chawla",2237,84,1784,"All","All","All",26.6309523809524,7.52354260089686
"Punjab Kings","Praveen Kumar",1152,31,992,"All","All","All",37.1612903225806,6.96774193548387
"Punjab Kings","Rahul Chahar",360,14,280,"All","All","All",25.7142857142857,7.71428571428572
"Punjab Kings","Rahul Tewatia",49,3,54,"All","All","All",16.3333333333333,5.44444444444444
"Punjab Kings","Rajagopal Sathish",51,0,24,"All","All","All",Inf,12.75
"Punjab Kings","Ramesh Powar",415,11,354,"All","All","All",37.7272727272727,7.03389830508475
"Punjab Kings","Ranadeb Bose",24,0,12,"All","All","All",Inf,12
"Punjab Kings","Ravi Bishnoi",606,24,522,"All","All","All",25.25,6.96551724137931
"Punjab Kings","Ravi Bopara",132,5,86,"All","All","All",26.4,9.2093023255814
"Punjab Kings","Ravichandran Ashwin",810,25,634,"All","All","All",32.4,7.66561514195584
"Punjab Kings","Riley Meredith",169,4,102,"All","All","All",42.25,9.94117647058824
"Punjab Kings","Rishi Dhawan",687,22,512,"All","All","All",31.2272727272727,8.05078125
"Punjab Kings","Rusty Theron",187,6,144,"All","All","All",31.1666666666667,7.79166666666667
"Punjab Kings","Ryan Harris",584,25,462,"All","All","All",23.36,7.58441558441558
"Punjab Kings","Ryan McLaren",178,5,108,"All","All","All",35.6,9.88888888888889
"Punjab Kings","Sam Curran",323,10,198,"All","All","All",32.3,9.78787878787879
"Punjab Kings","Sandeep Sharma",1740,73,1345,"All","All","All",23.8356164383562,7.76208178438662
"Punjab Kings","Sarfaraz Khan",6,0,2,"All","All","All",Inf,18
"Punjab Kings","Shalabh Srivastava",441,14,282,"All","All","All",31.5,9.38297872340426
"Punjab Kings","Shardul Thakur",38,1,18,"All","All","All",38,12.6666666666667
"Punjab Kings","Sheldon Cottrell",176,6,120,"All","All","All",29.3333333333333,8.8
"Punjab Kings","Shivam Sharma",165,4,114,"All","All","All",41.25,8.68421052631579
"Punjab Kings","Sreesanth",821,28,559,"All","All","All",29.3214285714286,8.81216457960644
"Punjab Kings","Swapnil Singh",90,1,60,"All","All","All",90,9
"Punjab Kings","T Natarajan",115,2,76,"All","All","All",57.5,9.07894736842105
"Punjab Kings","Thisara Perera",55,1,36,"All","All","All",55,9.16666666666667
"Punjab Kings","Vaibhav Arora",164,3,107,"All","All","All",54.6666666666667,9.19626168224299
"Punjab Kings","Varun Aaron",163,7,120,"All","All","All",23.2857142857143,8.15
"Punjab Kings","Varun Chakravarthy",35,1,18,"All","All","All",35,11.6666666666667
"Punjab Kings","Vikram Singh",542,12,360,"All","All","All",45.1666666666667,9.03333333333333
"Punjab Kings","Vikramjeet Malik",173,3,127,"All","All","All",57.6666666666667,8.17322834645669
"Punjab Kings","Wilkin Mota",97,4,72,"All","All","All",24.25,8.08333333333333
"Punjab Kings","Yusuf Abdulla",307,15,209,"All","All","All",20.4666666666667,8.8133971291866
"Punjab Kings","Yuvraj Singh",400,14,324,"All","All","All",28.5714285714286,7.40740740740741
"Rajasthan Royals","Aaron Finch",5,0,7,"All","All","All",Inf,4.28571428571429
"Rajasthan Royals","Abhishek Jhunjhunwala",69,0,37,"All","All","All",Inf,11.1891891891892
"Rajasthan Royals","Abhishek Raut",44,0,30,"All","All","All",Inf,8.8
"Rajasthan Royals","Adam Voges",76,0,54,"All","All","All",Inf,8.44444444444444
"Rajasthan Royals","Aditya Dole",112,5,66,"All","All","All",22.4,10.1818181818182
"Rajasthan Royals","Ajit Chandila",242,11,234,"All","All","All",22,6.20512820512821
"Rajasthan Royals","Akash Singh",39,0,24,"All","All","All",Inf,9.75
"Rajasthan Royals","Amit Singh",620,28,473,"All","All","All",22.1428571428571,7.8646934460888
"Rajasthan Royals","Amit Uniyal",66,2,36,"All","All","All",33,11
"Rajasthan Royals","Andrew Tye",50,1,24,"All","All","All",50,12.5
"Rajasthan Royals","Ankeet Chavan",326,8,248,"All","All","All",40.75,7.88709677419355
"Rajasthan Royals","Ankit Rajpoot",199,2,102,"All","All","All",99.5,11.7058823529412
"Rajasthan Royals","Ankit Sharma",168,7,138,"All","All","All",24,7.30434782608696
"Rajasthan Royals","Anureet Singh",42,1,24,"All","All","All",42,10.5
"Rajasthan Royals","Ashok Menaria",144,3,110,"All","All","All",48,7.85454545454545
"Rajasthan Royals","Barinder Sran",31,0,18,"All","All","All",Inf,10.3333333333333
"Rajasthan Royals","Ben Cutting",31,1,24,"All","All","All",31,7.75
"Rajasthan Royals","Ben Laughlin",211,9,126,"All","All","All",23.4444444444444,10.047619047619
"Rajasthan Royals","Ben Stokes",658,16,419,"All","All","All",41.125,9.42243436754176
"Rajasthan Royals","Brad Hodge",24,1,18,"All","All","All",24,8
"Rajasthan Royals","Brad Hogg",284,10,236,"All","All","All",28.4,7.22033898305085
"Rajasthan Royals","Chetan Sakariya",426,14,312,"All","All","All",30.4285714285714,8.19230769230769
"Rajasthan Royals","Chris Morris",687,28,498,"All","All","All",24.5357142857143,8.27710843373494
"Rajasthan Royals","D'Arcy Short",19,1,18,"All","All","All",19,6.33333333333333
"Rajasthan Royals","Daryl Mitchell",27,0,12,"All","All","All",Inf,13.5
"Rajasthan Royals","Deepak Hooda",129,1,91,"All","All","All",129,8.50549450549451
"Rajasthan Royals","Dhawal Kulkarni",1021,29,701,"All","All","All",35.2068965517241,8.73894436519258
"Rajasthan Royals","Dimitri Mascarenhas",226,12,188,"All","All","All",18.8333333333333,7.21276595744681
"Rajasthan Royals","Dinesh Salunkhe",78,1,47,"All","All","All",78,9.95744680851064
"Rajasthan Royals","Faiz Fazal",20,0,12,"All","All","All",Inf,10
"Rajasthan Royals","Glenn Phillips",20,1,12,"All","All","All",20,10
"Rajasthan Royals","Harmeet Singh",34,1,24,"All","All","All",34,8.5
"Rajasthan Royals","Iqbal Abdulla",17,0,12,"All","All","All",Inf,8.5
"Rajasthan Royals","Ish Sodhi",202,9,181,"All","All","All",22.4444444444444,6.69613259668508
"Rajasthan Royals","Jacob Oram",45,1,24,"All","All","All",45,11.25
"Rajasthan Royals","James Faulkner",1272,47,907,"All","All","All",27.063829787234,8.41455347298787
"Rajasthan Royals","James Neesham",29,0,18,"All","All","All",Inf,9.66666666666667
"Rajasthan Royals","Jaydev Unadkat",1280,29,796,"All","All","All",44.1379310344828,9.64824120603015
"Rajasthan Royals","Jofra Archer",981,46,825,"All","All","All",21.3260869565217,7.13454545454545
"Rajasthan Royals","Johan Botha",610,19,534,"All","All","All",32.1052631578947,6.85393258426966
"Rajasthan Royals","Kamran Khan",177,9,142,"All","All","All",19.6666666666667,7.47887323943662
"Rajasthan Royals","Kane Richardson",206,9,162,"All","All","All",22.8888888888889,7.62962962962963
"Rajasthan Royals","Kartik Tyagi",491,13,313,"All","All","All",37.7692307692308,9.41214057507987
"Rajasthan Royals","Kevon Cooper",757,33,576,"All","All","All",22.9393939393939,7.88541666666667
"Rajasthan Royals","Krishnappa Gowtham",478,12,360,"All","All","All",39.8333333333333,7.96666666666667
"Rajasthan Royals","Kuldeep Sen",237,8,151,"All","All","All",29.625,9.41721854304636
"Rajasthan Royals","Kuldip Yadav",16,0,12,"All","All","All",Inf,8
"Rajasthan Royals","Lee Carseldine",6,1,6,"All","All","All",6,6
"Rajasthan Royals","Liam Livingstone",13,0,6,"All","All","All",Inf,13
"Rajasthan Royals","Mahipal Lomror",74,1,60,"All","All","All",74,7.4
"Rajasthan Royals","Mayank Markande",26,0,18,"All","All","All",Inf,8.66666666666667
"Rajasthan Royals","Morne Morkel",106,0,84,"All","All","All",Inf,7.57142857142857
"Rajasthan Royals","Munaf Patel",779,33,617,"All","All","All",23.6060606060606,7.57536466774716
"Rajasthan Royals","Mustafizur Rahman",436,14,311,"All","All","All",31.1428571428571,8.41157556270096
"Rajasthan Royals","Nathan Coulter-Nile",48,0,18,"All","All","All",Inf,16
"Rajasthan Royals","Navdeep Saini",72,3,36,"All","All","All",24,12
"Rajasthan Royals","Nayan Doshi",62,1,32,"All","All","All",62,11.625
"Rajasthan Royals","Obed McCoy",237,11,155,"All","All","All",21.5454545454545,9.1741935483871
"Rajasthan Royals","Oshane Thomas",79,5,60,"All","All","All",15.8,7.9
"Rajasthan Royals","Pankaj Singh",322,7,210,"All","All","All",46,9.2
"Rajasthan Royals","Prasidh Krishna",551,19,399,"All","All","All",29,8.28571428571428
"Rajasthan Royals","Pravin Tambe",710,23,564,"All","All","All",30.8695652173913,7.5531914893617
"Rajasthan Royals","Rahul Shukla",79,3,48,"All","All","All",26.3333333333333,9.875
"Rajasthan Royals","Rahul Tewatia",756,21,570,"All","All","All",36,7.95789473684211
"Rajasthan Royals","Rajat Bhatia",329,12,258,"All","All","All",27.4166666666667,7.65116279069767
"Rajasthan Royals","Ravichandran Ashwin",503,12,402,"All","All","All",41.9166666666667,7.50746268656716
"Rajasthan Royals","Ravindra Jadeja",172,6,153,"All","All","All",28.6666666666667,6.74509803921569
"Rajasthan Royals","Riyan Parag",280,4,157,"All","All","All",70,10.7006369426752
"Rajasthan Royals","Ross Taylor",11,0,6,"All","All","All",Inf,11
"Rajasthan Royals","Rusty Theron",40,1,24,"All","All","All",40,10
"Rajasthan Royals","Samuel Badree",34,0,24,"All","All","All",Inf,8.5
"Rajasthan Royals","Shane Harwood",73,3,60,"All","All","All",24.3333333333333,7.3
"Rajasthan Royals","Shane Warne",1447,57,1194,"All","All","All",25.3859649122807,7.2713567839196
"Rajasthan Royals","Shane Watson",1701,61,1361,"All","All","All",27.8852459016393,7.49889786921381
"Rajasthan Royals","Shaun Tait",635,23,473,"All","All","All",27.6086956521739,8.05496828752643
"Rajasthan Royals","Shivam Dube",49,0,30,"All","All","All",Inf,9.8
"Rajasthan Royals","Shreyas Gopal",1094,41,816,"All","All","All",26.6829268292683,8.04411764705882
"Rajasthan Royals","Shrikant Wagh",16,1,6,"All","All","All",16,16
"Rajasthan Royals","Siddharth Trivedi",1904,65,1506,"All","All","All",29.2923076923077,7.58565737051793
"Rajasthan Royals","Sohail Tanvir",266,22,247,"All","All","All",12.0909090909091,6.46153846153846
"Rajasthan Royals","Sreesanth",163,5,130,"All","All","All",32.6,7.52307692307692
"Rajasthan Royals","Stuart Binny",565,17,450,"All","All","All",33.2352941176471,7.53333333333333
"Rajasthan Royals","Sudhesan Midhun",27,0,12,"All","All","All",Inf,13.5
"Rajasthan Royals","Sumit Narwal",185,5,94,"All","All","All",37,11.8085106382979
"Rajasthan Royals","Tabraiz Shamsi",34,0,24,"All","All","All",Inf,8.5
"Rajasthan Royals","Tim Southee",323,6,228,"All","All","All",53.8333333333333,8.5
"Rajasthan Royals","Tom Curran",208,3,109,"All","All","All",69.3333333333333,11.4495412844037
"Rajasthan Royals","Trent Boult",492,16,372,"All","All","All",30.75,7.93548387096774
"Rajasthan Royals","Tyron Henderson",40,1,36,"All","All","All",40,6.66666666666667
"Rajasthan Royals","Varun Aaron",210,4,120,"All","All","All",52.5,10.5
"Rajasthan Royals","Vikramjeet Malik",88,3,78,"All","All","All",29.3333333333333,6.76923076923077
"Rajasthan Royals","Yashasvi Jaiswal",6,0,1,"All","All","All",Inf,36
"Rajasthan Royals","Yusuf Pathan",719,20,583,"All","All","All",35.95,7.39965694682676
"Rajasthan Royals","Yuzvendra Chahal",527,27,408,"All","All","All",19.5185185185185,7.75
"Rising Pune Supergiants","Adam Zampa",278,19,221,"All","All","All",14.6315789473684,7.54751131221719
"Rising Pune Supergiants","Albie Morkel",66,2,30,"All","All","All",33,13.2
"Rising Pune Supergiants","Ankit Sharma",100,1,72,"All","All","All",100,8.33333333333333
"Rising Pune Supergiants","Ashok Dinda",350,12,243,"All","All","All",29.1666666666667,8.64197530864198
"Rising Pune Supergiants","Ben Stokes",316,12,264,"All","All","All",26.3333333333333,7.18181818181818
"Rising Pune Supergiants","Dan Christian",298,11,240,"All","All","All",27.0909090909091,7.45
"Rising Pune Supergiants","Deepak Chahar",115,1,72,"All","All","All",115,9.58333333333333
"Rising Pune Supergiants","Imran Tahir",369,18,282,"All","All","All",20.5,7.85106382978723
"Rising Pune Supergiants","Irfan Pathan",61,0,48,"All","All","All",Inf,7.625
"Rising Pune Supergiants","Ishant Sharma",148,3,90,"All","All","All",49.3333333333333,9.86666666666667
"Rising Pune Supergiants","Jaydev Unadkat",322,24,275,"All","All","All",13.4166666666667,7.02545454545455
"Rising Pune Supergiants","Lockie Ferguson",93,3,78,"All","All","All",31,7.15384615384615
"Rising Pune Supergiants","Mitchell Marsh",45,4,54,"All","All","All",11.25,5
"Rising Pune Supergiants","Murugan Ashwin",241,7,171,"All","All","All",34.4285714285714,8.45614035087719
"Rising Pune Supergiants","RP Singh",111,3,72,"All","All","All",37,9.25
"Rising Pune Supergiants","Rahul Chahar",58,2,42,"All","All","All",29,8.28571428571428
"Rising Pune Supergiants","Rahul Tripathi",12,0,6,"All","All","All",Inf,12
"Rising Pune Supergiants","Rajat Bhatia",299,8,246,"All","All","All",37.375,7.29268292682927
"Rising Pune Supergiants","Ravichandran Ashwin",319,10,264,"All","All","All",31.9,7.25
"Rising Pune Supergiants","Scott Boland",54,2,42,"All","All","All",27,7.71428571428572
"Rising Pune Supergiants","Shardul Thakur",315,11,229,"All","All","All",28.6363636363636,8.25327510917031
"Rising Pune Supergiants","Thisara Perera",326,9,199,"All","All","All",36.2222222222222,9.82914572864322
"Rising Pune Supergiants","Washington Sundar",185,8,180,"All","All","All",23.125,6.16666666666667
"Royal Challengers Bangalore","Abdur Razzak",29,0,12,"All","All","All",Inf,14.5
"Royal Challengers Bangalore","Abhimanyu Mithun",472,7,288,"All","All","All",67.4285714285714,9.83333333333333
"Royal Challengers Bangalore","Abrar Kazi",21,0,12,"All","All","All",Inf,10.5
"Royal Challengers Bangalore","Abu Nechim",241,4,158,"All","All","All",60.25,9.15189873417721
"Royal Challengers Bangalore","Adam Milne",177,4,108,"All","All","All",44.25,9.83333333333333
"Royal Challengers Bangalore","Adam Zampa",92,2,66,"All","All","All",46,8.36363636363636
"Royal Challengers Bangalore","Akash Deep",205,5,113,"All","All","All",41,10.8849557522124
"Royal Challengers Bangalore","Albie Morkel",126,4,96,"All","All","All",31.5,7.875
"Royal Challengers Bangalore","Andrew McDonald",78,6,72,"All","All","All",13,6.5
"Royal Challengers Bangalore","Aniket Choudhary",144,5,101,"All","All","All",28.8,8.55445544554455
"Royal Challengers Bangalore","Anil Kumble",1058,45,965,"All","All","All",23.5111111111111,6.57823834196891
"Royal Challengers Bangalore","Asad Pathan",63,0,39,"All","All","All",Inf,9.69230769230769
"Royal Challengers Bangalore","Ashley Noffke",40,1,24,"All","All","All",40,10
"Royal Challengers Bangalore","Ashok Dinda",332,5,216,"All","All","All",66.4,9.22222222222222
"Royal Challengers Bangalore","Avesh Khan",23,1,24,"All","All","All",23,5.75
"Royal Challengers Bangalore","Balachandra Akhil",220,6,176,"All","All","All",36.6666666666667,7.5
"Royal Challengers Bangalore","Billy Stanlake",70,2,48,"All","All","All",35,8.75
"Royal Challengers Bangalore","Cameron White",43,0,12,"All","All","All",Inf,21.5
"Royal Challengers Bangalore","Charl Langeveldt",84,5,66,"All","All","All",16.8,7.63636363636364
"Royal Challengers Bangalore","Chris Gayle",428,13,340,"All","All","All",32.9230769230769,7.55294117647059
"Royal Challengers Bangalore","Chris Jordan",258,11,168,"All","All","All",23.4545454545455,9.21428571428572
"Royal Challengers Bangalore","Chris Morris",210,11,190,"All","All","All",19.0909090909091,6.63157894736842
"Royal Challengers Bangalore","Chris Woakes",190,8,110,"All","All","All",23.75,10.3636363636364
"Royal Challengers Bangalore","Colin de Grandhomme",184,2,120,"All","All","All",92,9.2
"Royal Challengers Bangalore","Corey Anderson",115,3,52,"All","All","All",38.3333333333333,13.2692307692308
"Royal Challengers Bangalore","Dale Steyn",922,32,754,"All","All","All",28.8125,7.3368700265252
"Royal Challengers Bangalore","Dan Christian",210,4,136,"All","All","All",52.5,9.26470588235294
"Royal Challengers Bangalore","Daniel Sams",39,1,36,"All","All","All",39,6.5
"Royal Challengers Bangalore","Daniel Vettori",547,17,520,"All","All","All",32.1764705882353,6.31153846153846
"Royal Challengers Bangalore","Daren Sammy",25,0,18,"All","All","All",Inf,8.33333333333333
"Royal Challengers Bangalore","David Wiese",402,16,278,"All","All","All",25.125,8.67625899280575
"Royal Challengers Bangalore","David Willey",72,1,66,"All","All","All",72,6.54545454545454
"Royal Challengers Bangalore","Dillon du Preez",56,4,42,"All","All","All",14,8
"Royal Challengers Bangalore","Dirk Nannes",31,2,24,"All","All","All",15.5,7.75
"Royal Challengers Bangalore","George Garton",135,3,90,"All","All","All",45,9
"Royal Challengers Bangalore","Glenn Maxwell",300,9,240,"All","All","All",33.3333333333333,7.5
"Royal Challengers Bangalore","Harshal Patel",1840,85,1342,"All","All","All",21.6470588235294,8.22652757078987
"Royal Challengers Bangalore","Iqbal Abdulla",418,12,294,"All","All","All",34.8333333333333,8.53061224489796
"Royal Challengers Bangalore","Isuru Udana",282,8,174,"All","All","All",35.25,9.72413793103448
"Royal Challengers Bangalore","Jacques Kallis",1140,23,824,"All","All","All",49.5652173913044,8.30097087378641
"Royal Challengers Bangalore","Jamaluddin Syed Mohammad",283,8,192,"All","All","All",35.375,8.84375
"Royal Challengers Bangalore","Jaydev Unadkat",370,13,294,"All","All","All",28.4615384615385,7.55102040816327
"Royal Challengers Bangalore","Jesse Ryder",115,3,102,"All","All","All",38.3333333333333,6.76470588235294
"Royal Challengers Bangalore","Johan van der Wath",129,3,72,"All","All","All",43,10.75
"Royal Challengers Bangalore","Josh Hazlewood",377,20,279,"All","All","All",18.85,8.10752688172043
"Royal Challengers Bangalore","KP Appanna",286,9,216,"All","All","All",31.7777777777778,7.94444444444444
"Royal Challengers Bangalore","Kane Richardson",165,8,102,"All","All","All",20.625,9.70588235294118
"Royal Challengers Bangalore","Kevin Pietersen",162,7,138,"All","All","All",23.1428571428571,7.04347826086957
"Royal Challengers Bangalore","Kulwant Khejroliya",153,3,95,"All","All","All",51,9.66315789473684
"Royal Challengers Bangalore","Kyle Jamieson",269,9,168,"All","All","All",29.8888888888889,9.60714285714286
"Royal Challengers Bangalore","Mahipal Lomror",18,0,12,"All","All","All",Inf,9
"Royal Challengers Bangalore","Marcus Stoinis",145,2,100,"All","All","All",72.5,8.7
"Royal Challengers Bangalore","Mitchell Starc",692,34,580,"All","All","All",20.3529411764706,7.15862068965517
"Royal Challengers Bangalore","Moeen Ali",308,10,259,"All","All","All",30.8,7.13513513513514
"Royal Challengers Bangalore","Mohammed Siraj",1739,49,1196,"All","All","All",35.4897959183673,8.72408026755853
"Royal Challengers Bangalore","Moises Henriques",185,7,127,"All","All","All",26.4285714285714,8.74015748031496
"Royal Challengers Bangalore","Murali Kartik",284,9,234,"All","All","All",31.5555555555556,7.28205128205128
"Royal Challengers Bangalore","Murugan Ashwin",53,3,42,"All","All","All",17.6666666666667,7.57142857142857
"Royal Challengers Bangalore","Muthiah Muralidaran",561,21,474,"All","All","All",26.7142857142857,7.10126582278481
"Royal Challengers Bangalore","Navdeep Saini",828,17,586,"All","All","All",48.7058823529412,8.4778156996587
"Royal Challengers Bangalore","Nayan Doshi",17,1,24,"All","All","All",17,4.25
"Royal Challengers Bangalore","Pankaj Singh",146,4,90,"All","All","All",36.5,9.73333333333333
"Royal Challengers Bangalore","Parvez Rasool",129,1,84,"All","All","All",129,9.21428571428572
"Royal Challengers Bangalore","Pawan Negi",348,20,284,"All","All","All",17.4,7.35211267605634
"Royal Challengers Bangalore","Prasanth Parameswaran",87,5,60,"All","All","All",17.4,8.7
"Royal Challengers Bangalore","Praveen Kumar",1140,34,836,"All","All","All",33.5294117647059,8.18181818181818
"Royal Challengers Bangalore","Prayas Ray Barman",56,0,24,"All","All","All",Inf,14
"Royal Challengers Bangalore","RP Singh",335,13,239,"All","All","All",25.7692307692308,8.41004184100418
"Royal Challengers Bangalore","Raju Bhatkal",35,0,12,"All","All","All",Inf,17.5
"Royal Challengers Bangalore","Ravi Rampaul",298,14,262,"All","All","All",21.2857142857143,6.82442748091603
"Royal Challengers Bangalore","Roelof van der Merwe",275,11,228,"All","All","All",25,7.23684210526316
"Royal Challengers Bangalore","Ross Taylor",13,0,6,"All","All","All",Inf,13
"Royal Challengers Bangalore","Ryan Ninan",65,3,36,"All","All","All",21.6666666666667,10.8333333333333
"Royal Challengers Bangalore","Sachin Baby",8,2,10,"All","All","All",4,4.8
"Royal Challengers Bangalore","Sachin Rana",16,0,12,"All","All","All",Inf,8
"Royal Challengers Bangalore","Samuel Badree",188,9,150,"All","All","All",20.8888888888889,7.52
"Royal Challengers Bangalore","Sean Abbott",57,0,30,"All","All","All",Inf,11.4
"Royal Challengers Bangalore","Shadab Jakati",41,0,22,"All","All","All",Inf,11.1818181818182
"Royal Challengers Bangalore","Shahbaz Ahmed",472,13,330,"All","All","All",36.3076923076923,8.58181818181818
"Royal Challengers Bangalore","Shane Watson",730,25,500,"All","All","All",29.2,8.76
"Royal Challengers Bangalore","Shivam Dube",81,4,64,"All","All","All",20.25,7.59375
"Royal Challengers Bangalore","Siddarth Kaul",43,0,24,"All","All","All",Inf,10.75
"Royal Challengers Bangalore","Sreenath Aravind",1039,45,760,"All","All","All",23.0888888888889,8.20263157894737
"Royal Challengers Bangalore","Sridharan Sriram",24,0,12,"All","All","All",Inf,12
"Royal Challengers Bangalore","Stuart Binny",184,5,138,"All","All","All",36.8,8
"Royal Challengers Bangalore","Sunil Joshi",82,1,55,"All","All","All",82,8.94545454545455
"Royal Challengers Bangalore","Tabraiz Shamsi",147,3,96,"All","All","All",49,9.1875
"Royal Challengers Bangalore","Tillakaratne Dilshan",195,1,120,"All","All","All",195,9.75
"Royal Challengers Bangalore","Tim Southee",379,6,228,"All","All","All",63.1666666666667,9.97368421052632
"Royal Challengers Bangalore","Travis Head",81,2,48,"All","All","All",40.5,10.125
"Royal Challengers Bangalore","Tymal Mills",153,5,107,"All","All","All",30.6,8.57943925233645
"Royal Challengers Bangalore","Umesh Yadav",872,28,588,"All","All","All",31.1428571428571,8.89795918367347
"Royal Challengers Bangalore","Varun Aaron",703,21,466,"All","All","All",33.4761904761905,9.05150214592275
"Royal Challengers Bangalore","Vinay Kumar",1822,72,1305,"All","All","All",25.3055555555556,8.37701149425287
"Royal Challengers Bangalore","Virat Kohli",368,4,251,"All","All","All",92,8.79681274900398
"Royal Challengers Bangalore","Wanindu Hasaranga de Silva",490,26,378,"All","All","All",18.8461538461538,7.77777777777778
"Royal Challengers Bangalore","Washington Sundar",682,19,570,"All","All","All",35.8947368421053,7.17894736842105
"Royal Challengers Bangalore","Yuvraj Singh",187,5,136,"All","All","All",37.4,8.25
"Royal Challengers Bangalore","Yuzvendra Chahal",3063,139,2424,"All","All","All",22.0359712230216,7.58168316831683
"Royal Challengers Bangalore","Zaheer Khan",1312,49,1002,"All","All","All",26.7755102040816,7.8562874251497
"Sunrisers Hyderabad","Abdul Samad",113,2,54,"All","All","All",56.5,12.5555555555556
"Sunrisers Hyderabad","Abhishek Sharma",214,7,156,"All","All","All",30.5714285714286,8.23076923076923
"Sunrisers Hyderabad","Aiden Markram",64,1,36,"All","All","All",64,10.6666666666667
"Sunrisers Hyderabad","Amit Mishra",734,28,597,"All","All","All",26.2142857142857,7.37688442211055
"Sunrisers Hyderabad","Anand Rajan",42,2,48,"All","All","All",21,5.25
"Sunrisers Hyderabad","Ankit Sharma",17,0,12,"All","All","All",Inf,8.5
"Sunrisers Hyderabad","Ashish Nehra",396,17,283,"All","All","All",23.2941176470588,8.39575971731449
"Sunrisers Hyderabad","Ashish Reddy",159,7,99,"All","All","All",22.7142857142857,9.63636363636364
"Sunrisers Hyderabad","Barinder Sran",442,14,309,"All","All","All",31.5714285714286,8.58252427184466
"Sunrisers Hyderabad","Basil Thampi",270,6,157,"All","All","All",45,10.3184713375796
"Sunrisers Hyderabad","Ben Cutting",203,6,143,"All","All","All",33.8333333333333,8.51748251748252
"Sunrisers Hyderabad","Bhuvneshwar Kumar",3252,130,2620,"All","All","All",25.0153846153846,7.44732824427481
"Sunrisers Hyderabad","Billy Stanlake",130,5,96,"All","All","All",26,8.125
"Sunrisers Hyderabad","Bipul Sharma",300,9,224,"All","All","All",33.3333333333333,8.03571428571428
"Sunrisers Hyderabad","Cameron White",16,1,12,"All","All","All",16,8
"Sunrisers Hyderabad","Carlos Brathwaite",94,5,61,"All","All","All",18.8,9.24590163934426
"Sunrisers Hyderabad","Chris Jordan",40,1,30,"All","All","All",40,8
"Sunrisers Hyderabad","Dale Steyn",985,33,857,"All","All","All",29.8484848484848,6.89614935822637
"Sunrisers Hyderabad","Daren Sammy",325,11,218,"All","All","All",29.5454545454545,8.94495412844037
"Sunrisers Hyderabad","David Warner",2,0,1,"All","All","All",Inf,12
"Sunrisers Hyderabad","Deepak Hooda",184,6,132,"All","All","All",30.6666666666667,8.36363636363636
"Sunrisers Hyderabad","Fazalhaq Farooqi",110,2,72,"All","All","All",55,9.16666666666667
"Sunrisers Hyderabad","Hanuma Vihari",38,1,36,"All","All","All",38,6.33333333333333
"Sunrisers Hyderabad","Irfan Pathan",205,4,142,"All","All","All",51.25,8.66197183098592
"Sunrisers Hyderabad","Ishant Sharma",726,19,508,"All","All","All",38.2105263157895,8.5748031496063
"Sunrisers Hyderabad","Jagadeesha Suchith",206,7,150,"All","All","All",29.4285714285714,8.24
"Sunrisers Hyderabad","Jason Holder",515,31,377,"All","All","All",16.6129032258065,8.19628647214854
"Sunrisers Hyderabad","Kane Williamson",31,0,18,"All","All","All",Inf,10.3333333333333
"Sunrisers Hyderabad","Karn Sharma",1109,36,850,"All","All","All",30.8055555555556,7.82823529411765
"Sunrisers Hyderabad","Kartik Tyagi",79,1,48,"All","All","All",79,9.875
"Sunrisers Hyderabad","Khaleel Ahmed",786,33,543,"All","All","All",23.8181818181818,8.68508287292818
"Sunrisers Hyderabad","Marco Jansen",274,7,192,"All","All","All",39.1428571428571,8.5625
"Sunrisers Hyderabad","Mitchell Marsh",6,0,4,"All","All","All",Inf,9
"Sunrisers Hyderabad","Mohammad Nabi",408,13,343,"All","All","All",31.3846153846154,7.13702623906705
"Sunrisers Hyderabad","Mohammed Siraj",212,10,138,"All","All","All",21.2,9.21739130434783
"Sunrisers Hyderabad","Moises Henriques",917,28,666,"All","All","All",32.75,8.26126126126126
"Sunrisers Hyderabad","Mujeeb Ur Rahman",29,2,24,"All","All","All",14.5,7.25
"Sunrisers Hyderabad","Mustafizur Rahman",455,17,382,"All","All","All",26.7647058823529,7.14659685863874
"Sunrisers Hyderabad","Parvez Rasool",114,2,84,"All","All","All",57,8.14285714285714
"Sunrisers Hyderabad","Praveen Kumar",329,7,216,"All","All","All",47,9.13888888888889
"Sunrisers Hyderabad","Rashid Khan",1912,93,1812,"All","All","All",20.5591397849462,6.33112582781457
"Sunrisers Hyderabad","Ravi Bopara",160,6,120,"All","All","All",26.6666666666667,8
"Sunrisers Hyderabad","Romario Shepherd",98,3,54,"All","All","All",32.6666666666667,10.8888888888889
"Sunrisers Hyderabad","Sandeep Sharma",1262,41,973,"All","All","All",30.780487804878,7.78211716341213
"Sunrisers Hyderabad","Sean Abbott",47,1,24,"All","All","All",47,11.75
"Sunrisers Hyderabad","Shahbaz Nadeem",304,8,210,"All","All","All",38,8.68571428571429
"Sunrisers Hyderabad","Shakib Al Hasan",551,16,407,"All","All","All",34.4375,8.12285012285012
"Sunrisers Hyderabad","Shashank Singh",20,0,12,"All","All","All",Inf,10
"Sunrisers Hyderabad","Shreyas Gopal",34,1,18,"All","All","All",34,11.3333333333333
"Sunrisers Hyderabad","Siddarth Kaul",1400,52,976,"All","All","All",26.9230769230769,8.60655737704918
"Sunrisers Hyderabad","T Natarajan",979,36,683,"All","All","All",27.1944444444444,8.60029282576867
"Sunrisers Hyderabad","Thisara Perera",478,19,358,"All","All","All",25.1578947368421,8.01117318435754
"Sunrisers Hyderabad","Trent Boult",275,10,192,"All","All","All",27.5,8.59375
"Sunrisers Hyderabad","Umran Malik",540,24,367,"All","All","All",22.5,8.8283378746594
"Sunrisers Hyderabad","Venugopal Rao",16,0,12,"All","All","All",Inf,8
"Sunrisers Hyderabad","Vijay Shankar",252,8,193,"All","All","All",31.5,7.83419689119171
"Sunrisers Hyderabad","Washington Sundar",239,6,168,"All","All","All",39.8333333333333,8.53571428571429
"Sunrisers Hyderabad","Yusuf Pathan",22,1,18,"All","All","All",22,7.33333333333333
"Sunrisers Hyderabad","Yuvraj Singh",74,1,49,"All","All","All",74,9.06122448979592
